/*
Navicat MySQL Data Transfer

Source Server         : mais
Source Server Version : 50616
Source Host           : localhost:3306
Source Database       : mais

Target Server Type    : MYSQL
Target Server Version : 50616
File Encoding         : 65001

Date: 2015-02-24 08:46:15
*/

SET FOREIGN_KEY_CHECKS=0;
-- ----------------------------
-- Table structure for `tb_blogcategories`
-- ----------------------------
DROP TABLE IF EXISTS `tb_blogcategories`;
CREATE TABLE `tb_blogcategories` (
  `CatID` int(6) NOT NULL AUTO_INCREMENT,
  `name` varchar(100) DEFAULT NULL,
  `alias` varchar(100) DEFAULT NULL,
  `enable` enum('0','1') DEFAULT NULL,
  PRIMARY KEY (`CatID`)
) ENGINE=InnoDB AUTO_INCREMENT=7 DEFAULT CHARSET=utf8;

-- ----------------------------
-- Records of tb_blogcategories
-- ----------------------------
INSERT INTO `tb_blogcategories` VALUES ('1', 'Tutorial thea', 'tutorial-thea', '1');
INSERT INTO `tb_blogcategories` VALUES ('2', 'News', 'news', '1');
INSERT INTO `tb_blogcategories` VALUES ('3', 'API', 'api', '1');
INSERT INTO `tb_blogcategories` VALUES ('4', 'Lifestyle', 'Lifestyle', '1');
INSERT INTO `tb_blogcategories` VALUES ('5', 'Food', 'food', '1');
INSERT INTO `tb_blogcategories` VALUES ('6', 'Travel World', null, '1');

-- ----------------------------
-- Table structure for `tb_blogcomments`
-- ----------------------------
DROP TABLE IF EXISTS `tb_blogcomments`;
CREATE TABLE `tb_blogcomments` (
  `commentID` int(11) NOT NULL AUTO_INCREMENT,
  `parentID` int(11) DEFAULT NULL,
  `user_id` int(11) DEFAULT NULL,
  `blogID` int(11) DEFAULT NULL,
  `name` varchar(100) DEFAULT NULL,
  `email` varchar(100) DEFAULT NULL,
  `comment` text,
  `created` timestamp NOT NULL DEFAULT CURRENT_TIMESTAMP ON UPDATE CURRENT_TIMESTAMP,
  PRIMARY KEY (`commentID`)
) ENGINE=InnoDB AUTO_INCREMENT=14 DEFAULT CHARSET=latin1;

-- ----------------------------
-- Records of tb_blogcomments
-- ----------------------------
INSERT INTO `tb_blogcomments` VALUES ('10', null, '1', '2', null, null, 'tester', '2014-07-12 01:41:55');
INSERT INTO `tb_blogcomments` VALUES ('13', null, '1', '1', null, null, 'I want more feature', '2014-07-23 05:04:44');

-- ----------------------------
-- Table structure for `tb_blogs`
-- ----------------------------
DROP TABLE IF EXISTS `tb_blogs`;
CREATE TABLE `tb_blogs` (
  `blogID` int(11) NOT NULL AUTO_INCREMENT,
  `CatID` int(6) DEFAULT NULL,
  `title` varchar(255) DEFAULT NULL,
  `slug` varchar(255) DEFAULT NULL,
  `content` text,
  `created` datetime DEFAULT NULL,
  `tags` varchar(255) DEFAULT NULL,
  `status` enum('publish','unpublish','draft') DEFAULT 'draft',
  `image` varchar(100) DEFAULT NULL,
  `entryby` int(11) DEFAULT NULL,
  PRIMARY KEY (`blogID`)
) ENGINE=InnoDB AUTO_INCREMENT=6 DEFAULT CHARSET=utf8;

-- ----------------------------
-- Records of tb_blogs
-- ----------------------------
INSERT INTO `tb_blogs` VALUES ('1', '2', 'Working With Artisan & Composer', 'working-with-artisan-composer', '<p>{{{ customers::index }}}</p>\r\n<p>Lorem ipsum dolor sit amet, consectetur adipiscing elit. Morbi id neque quam. Aliquam sollicitudin venenatis ipsum ac feugiat. Vestibulum ullamcorper sodales nisi nec condimentum. Mauris convallis mauris at pellentesque volutpat.&nbsp;Lorem ipsum dolor sit amet, consectetur</p>\r\n<hr />\r\n<p>adipiscing elit. Morbi id neque quam. Aliquam sollicitudin venenatis ipsum ac feugiat. Vestibulum ullamcorper sodales nisi nec condimentum. Mauris convallis mauris at pellentesque volutpat.&nbsp;Lorem ipsum dolor sit amet, consectetur adipiscing elit. Morbi id neque quam. Aliquam sollicitudin venenatis ipsum ac feugiat. Vestibulum ullamcorper sodales nisi nec condimentum. Mauris convallis mauris at pellentesque volutpat.</p>\r\n<p>&nbsp;</p>\r\n<p>&nbsp;</p>', '2014-02-22 00:00:00', '7-things, tutorial , generator , builder', 'publish', null, '0');
INSERT INTO `tb_blogs` VALUES ('2', '2', 'Bootstrap 3: What you need to know', 'bootstrap-3-what-you-need-to-know', '<p><span style=\"color:rgb(113,113,113);\">Lorem ipsum dolor sit amet, consectetur adipiscing elit. Morbi id neque quam. Aliquam sollicitudin venenatis ipsum ac feugiat. Vestibulum ullamcorper sodales nisi nec condimentum. Mauris convallis mauris at pellentesque volutpat. Lorem ipsum dolor sit amet, consectetur adipiscing elit. Morbi id neque quam. Aliquam sollicitudin venenatis ipsum ac feugiat. Vestibulum ullamcorper sodales nisi nec condimentum. Mauris convallis mauris at pellentesque volutpat.</span></p>\r\n\r\n<p><span style=\"color:rgb(113,113,113);\">Lorem ipsum dolor sit amet, consectetur adipiscing elit. Morbi id neque quam. Aliquam sollicitudin venenatis ipsum ac feugiat. Vestibulum ullamcorper sodales nisi nec condimentum. Mauris convallis mauris at pellentesque volutpat.</span></p>\r\n\r\n<p><span style=\"color:rgb(113,113,113);\"><br /></span></p>', '2014-02-22 00:00:00', 'lorem, ipsum , solades', 'publish', null, '0');
INSERT INTO `tb_blogs` VALUES ('3', '1', 'Creating New Pages', 'creating-new-pages', '<p><span style=\"color:rgb(113,113,113);\">Lorem ipsum dolor sit amet, consectetur adipiscing elit. Morbi id neque quam. Aliquam sollicitudin venenatis ipsum ac feugiat. Vestibulum ullamcorper sodales nisi nec condimentum. Mauris convallis mauris at pellentesque volutpat.  Lorem ipsum dolor sit amet, consectetur adipiscing elit. Morbi id neque quam. Aliquam sollicitudin venenatis ipsum ac feugiat. Vestibulum ullamcorper sodales nisi nec condimentum. Mauris convallis mauris at pellentesque volutpat. </span><span style=\"color:rgb(113,113,113);\"><br /></span></p>\r\n\r\n<p><span style=\"color:rgb(113,113,113);\">Lorem ipsum dolor sit amet, consectetur adipiscing elit. Morbi id neque quam. Aliquam sollicitudin venenatis ipsum ac feugiat. Vestibulum ullamcorper sodales nisi nec condimentum. Mauris convallis mauris at pellentesque volutpat. </span><span style=\"color:rgb(113,113,113);\"><br /></span></p>', '2014-02-23 00:00:00', 'pages, page builder , builder', 'publish', null, '0');
INSERT INTO `tb_blogs` VALUES ('4', '1', 'Creating Modules', 'creating-modules', '<p><span style=\"color:rgb(113,113,113);\">Lorem ipsum dolor sit amet, consectetur adipiscing elit. Morbi id neque quam. Aliquam sollicitudin venenatis ipsum ac feugiat. Vestibulum ullamcorper sodales nisi nec condimentum. Mauris convallis mauris at pellentesque volutpat.  Lorem ipsum dolor sit amet, consectetur adipiscing elit. Morbi id neque quam. Aliquam sollicitudin venenatis ipsum ac feugiat. Vestibulum ullamcorper sodales nisi nec condimentum. Mauris convallis mauris at pellentesque volutpat. Lorem ipsum dolor sit amet, consectetur adipiscing elit. Morbi id neque quam. Aliquam sollicitudin venenatis ipsum ac feugiat. Vestibulum ullamcorper sodales nisi nec condimentum. Mauris convallis mauris at pellentesque volutpat. </span><span style=\"color:rgb(113,113,113);\"><br /></span></p>', '2014-02-23 00:00:00', 'module , builder', 'publish', null, '0');
INSERT INTO `tb_blogs` VALUES ('5', '1', 'New from our blog', 'new-from-our-blog', '<p>Lorem ipsum dolor sit amet, consectetur adipiscing elit. Morbi id neque quam. Aliquam sollicitudin venenatis ipsum ac feugiat. Vestibulum ullamcorper sodales nisi nec condimentum. Mauris convallis mauris at pellentesque volutpat. Lorem ipsum dolor sit amet, consectetur adipiscing elit. Morbi id neque quam. Aliquam sollicitudin venenatis ipsum ac feugiat. Vestibulum ullamcorper sodales nisi nec condimentum. Mauris convallis mauris at pellentesque volutpat.</p>', '2014-08-11 12:30:01', 'no tags', 'publish', null, null);

-- ----------------------------
-- Table structure for `tb_groups`
-- ----------------------------
DROP TABLE IF EXISTS `tb_groups`;
CREATE TABLE `tb_groups` (
  `group_id` mediumint(8) unsigned NOT NULL AUTO_INCREMENT,
  `name` varchar(20) DEFAULT NULL,
  `description` varchar(100) DEFAULT NULL,
  `level` int(6) DEFAULT NULL,
  PRIMARY KEY (`group_id`)
) ENGINE=InnoDB AUTO_INCREMENT=4 DEFAULT CHARSET=utf8;

-- ----------------------------
-- Records of tb_groups
-- ----------------------------
INSERT INTO `tb_groups` VALUES ('1', 'Superadmin', 'Root Superadmin , should be as top level group', '1');
INSERT INTO `tb_groups` VALUES ('2', 'Administrator', 'Administrator level, level No 2', '2');
INSERT INTO `tb_groups` VALUES ('3', 'Users', '<p>Users as registered / member</p>', '3');

-- ----------------------------
-- Table structure for `tb_groups_access`
-- ----------------------------
DROP TABLE IF EXISTS `tb_groups_access`;
CREATE TABLE `tb_groups_access` (
  `id` int(6) NOT NULL AUTO_INCREMENT,
  `group_id` int(6) DEFAULT NULL,
  `module_id` int(6) DEFAULT NULL,
  `access_data` text,
  PRIMARY KEY (`id`)
) ENGINE=InnoDB AUTO_INCREMENT=466 DEFAULT CHARSET=utf8;

-- ----------------------------
-- Records of tb_groups_access
-- ----------------------------
INSERT INTO `tb_groups_access` VALUES ('166', '1', '2', '{\"is_global\":\"1\",\"is_view\":\"1\",\"is_detail\":\"1\",\"is_add\":\"1\",\"is_edit\":\"1\",\"is_remove\":\"1\",\"is_excel\":\"1\"}');
INSERT INTO `tb_groups_access` VALUES ('167', '2', '2', '{\"is_global\":\"0\",\"is_view\":\"0\",\"is_detail\":\"0\",\"is_add\":\"0\",\"is_edit\":\"0\",\"is_remove\":\"0\",\"is_excel\":\"0\"}');
INSERT INTO `tb_groups_access` VALUES ('168', '3', '2', '{\"is_global\":\"0\",\"is_view\":\"0\",\"is_detail\":\"0\",\"is_add\":\"0\",\"is_edit\":\"0\",\"is_remove\":\"0\",\"is_excel\":\"0\"}');
INSERT INTO `tb_groups_access` VALUES ('169', '1', '8', '{\"is_global\":\"1\",\"is_view\":\"1\",\"is_detail\":\"1\",\"is_add\":\"1\",\"is_edit\":\"1\",\"is_remove\":\"1\",\"is_excel\":\"1\"}');
INSERT INTO `tb_groups_access` VALUES ('170', '2', '8', '{\"is_global\":\"0\",\"is_view\":\"0\",\"is_detail\":\"0\",\"is_add\":\"0\",\"is_edit\":\"0\",\"is_remove\":\"0\",\"is_excel\":\"0\"}');
INSERT INTO `tb_groups_access` VALUES ('171', '3', '8', '{\"is_global\":\"0\",\"is_view\":\"0\",\"is_detail\":\"0\",\"is_add\":\"0\",\"is_edit\":\"0\",\"is_remove\":\"0\",\"is_excel\":\"0\"}');
INSERT INTO `tb_groups_access` VALUES ('199', '1', '7', '{\"is_global\":\"1\",\"is_view\":\"1\",\"is_detail\":\"1\",\"is_add\":\"1\",\"is_edit\":\"1\",\"is_remove\":\"1\",\"is_excel\":\"1\"}');
INSERT INTO `tb_groups_access` VALUES ('200', '2', '7', '{\"is_global\":\"0\",\"is_view\":\"0\",\"is_detail\":\"0\",\"is_add\":\"0\",\"is_edit\":\"0\",\"is_remove\":\"0\",\"is_excel\":\"0\"}');
INSERT INTO `tb_groups_access` VALUES ('201', '3', '7', '{\"is_global\":\"0\",\"is_view\":\"0\",\"is_detail\":\"0\",\"is_add\":\"0\",\"is_edit\":\"0\",\"is_remove\":\"0\",\"is_excel\":\"0\"}');
INSERT INTO `tb_groups_access` VALUES ('202', '1', '1', '{\"is_global\":\"1\",\"is_view\":\"1\",\"is_detail\":\"1\",\"is_add\":\"1\",\"is_edit\":\"1\",\"is_remove\":\"1\",\"is_excel\":\"1\"}');
INSERT INTO `tb_groups_access` VALUES ('203', '2', '1', '{\"is_global\":\"0\",\"is_view\":\"0\",\"is_detail\":\"0\",\"is_add\":\"0\",\"is_edit\":\"0\",\"is_remove\":\"0\",\"is_excel\":\"0\"}');
INSERT INTO `tb_groups_access` VALUES ('204', '3', '1', '{\"is_global\":\"0\",\"is_view\":\"0\",\"is_detail\":\"0\",\"is_add\":\"0\",\"is_edit\":\"0\",\"is_remove\":\"0\",\"is_excel\":\"0\"}');
INSERT INTO `tb_groups_access` VALUES ('223', '1', '11', '{\"is_global\":\"1\",\"is_view\":\"1\",\"is_detail\":\"1\",\"is_add\":\"0\",\"is_edit\":\"0\",\"is_remove\":\"1\",\"is_excel\":\"1\"}');
INSERT INTO `tb_groups_access` VALUES ('224', '2', '11', '{\"is_global\":\"0\",\"is_view\":\"0\",\"is_detail\":\"0\",\"is_add\":\"0\",\"is_edit\":\"0\",\"is_remove\":\"0\",\"is_excel\":\"0\"}');
INSERT INTO `tb_groups_access` VALUES ('225', '3', '11', '{\"is_global\":\"0\",\"is_view\":\"0\",\"is_detail\":\"0\",\"is_add\":\"0\",\"is_edit\":\"0\",\"is_remove\":\"0\",\"is_excel\":\"0\"}');
INSERT INTO `tb_groups_access` VALUES ('277', '1', '14', '{\"is_global\":\"1\",\"is_view\":\"1\",\"is_detail\":\"1\",\"is_add\":\"1\",\"is_edit\":\"1\",\"is_remove\":\"1\",\"is_excel\":\"1\"}');
INSERT INTO `tb_groups_access` VALUES ('278', '2', '14', '{\"is_global\":\"0\",\"is_view\":\"0\",\"is_detail\":\"0\",\"is_add\":\"0\",\"is_edit\":\"0\",\"is_remove\":\"0\",\"is_excel\":\"0\"}');
INSERT INTO `tb_groups_access` VALUES ('279', '3', '14', '{\"is_global\":\"0\",\"is_view\":\"0\",\"is_detail\":\"0\",\"is_add\":\"0\",\"is_edit\":\"0\",\"is_remove\":\"0\",\"is_excel\":\"0\"}');
INSERT INTO `tb_groups_access` VALUES ('286', '1', '17', '{\"is_global\":\"1\",\"is_view\":\"1\",\"is_detail\":\"1\",\"is_add\":\"1\",\"is_edit\":\"1\",\"is_remove\":\"1\",\"is_excel\":\"1\"}');
INSERT INTO `tb_groups_access` VALUES ('287', '2', '17', '{\"is_global\":\"0\",\"is_view\":\"0\",\"is_detail\":\"0\",\"is_add\":\"0\",\"is_edit\":\"0\",\"is_remove\":\"0\",\"is_excel\":\"0\"}');
INSERT INTO `tb_groups_access` VALUES ('288', '3', '17', '{\"is_global\":\"0\",\"is_view\":\"0\",\"is_detail\":\"0\",\"is_add\":\"0\",\"is_edit\":\"0\",\"is_remove\":\"0\",\"is_excel\":\"0\"}');
INSERT INTO `tb_groups_access` VALUES ('304', '1', '22', '{\"is_global\":\"1\",\"is_view\":\"1\",\"is_detail\":\"1\",\"is_add\":\"1\",\"is_edit\":\"1\",\"is_remove\":\"1\",\"is_excel\":\"1\"}');
INSERT INTO `tb_groups_access` VALUES ('305', '2', '22', '{\"is_global\":\"0\",\"is_view\":\"0\",\"is_detail\":\"0\",\"is_add\":\"0\",\"is_edit\":\"0\",\"is_remove\":\"0\",\"is_excel\":\"0\"}');
INSERT INTO `tb_groups_access` VALUES ('306', '3', '22', '{\"is_global\":\"0\",\"is_view\":\"0\",\"is_detail\":\"0\",\"is_add\":\"0\",\"is_edit\":\"0\",\"is_remove\":\"0\",\"is_excel\":\"0\"}');
INSERT INTO `tb_groups_access` VALUES ('307', '1', '23', '{\"is_global\":\"1\",\"is_view\":\"1\",\"is_detail\":\"1\",\"is_add\":\"1\",\"is_edit\":\"1\",\"is_remove\":\"1\",\"is_excel\":\"1\"}');
INSERT INTO `tb_groups_access` VALUES ('308', '2', '23', '{\"is_global\":\"0\",\"is_view\":\"0\",\"is_detail\":\"0\",\"is_add\":\"0\",\"is_edit\":\"0\",\"is_remove\":\"0\",\"is_excel\":\"0\"}');
INSERT INTO `tb_groups_access` VALUES ('309', '3', '23', '{\"is_global\":\"0\",\"is_view\":\"0\",\"is_detail\":\"0\",\"is_add\":\"0\",\"is_edit\":\"0\",\"is_remove\":\"0\",\"is_excel\":\"0\"}');
INSERT INTO `tb_groups_access` VALUES ('313', '1', '24', '{\"is_global\":\"1\",\"is_view\":\"1\",\"is_detail\":\"1\",\"is_add\":\"1\",\"is_edit\":\"1\",\"is_remove\":\"1\",\"is_excel\":\"1\"}');
INSERT INTO `tb_groups_access` VALUES ('314', '2', '24', '{\"is_global\":\"0\",\"is_view\":\"0\",\"is_detail\":\"0\",\"is_add\":\"0\",\"is_edit\":\"0\",\"is_remove\":\"0\",\"is_excel\":\"0\"}');
INSERT INTO `tb_groups_access` VALUES ('315', '3', '24', '{\"is_global\":\"0\",\"is_view\":\"0\",\"is_detail\":\"0\",\"is_add\":\"0\",\"is_edit\":\"0\",\"is_remove\":\"0\",\"is_excel\":\"0\"}');
INSERT INTO `tb_groups_access` VALUES ('463', '1', '64', '{\"is_global\":\"1\",\"is_view\":\"1\",\"is_detail\":\"1\",\"is_add\":\"1\",\"is_edit\":\"1\",\"is_remove\":\"1\",\"is_excel\":\"1\"}');
INSERT INTO `tb_groups_access` VALUES ('464', '2', '64', '{\"is_global\":\"1\",\"is_view\":\"1\",\"is_detail\":\"1\",\"is_add\":\"1\",\"is_edit\":\"1\",\"is_remove\":\"1\",\"is_excel\":\"0\"}');
INSERT INTO `tb_groups_access` VALUES ('465', '3', '64', '{\"is_global\":\"0\",\"is_view\":\"0\",\"is_detail\":\"0\",\"is_add\":\"0\",\"is_edit\":\"0\",\"is_remove\":\"0\",\"is_excel\":\"0\"}');

-- ----------------------------
-- Table structure for `tb_logs`
-- ----------------------------
DROP TABLE IF EXISTS `tb_logs`;
CREATE TABLE `tb_logs` (
  `auditID` int(20) NOT NULL AUTO_INCREMENT,
  `ipaddress` varchar(50) DEFAULT NULL,
  `user_id` int(11) DEFAULT NULL,
  `module` varchar(50) DEFAULT NULL,
  `task` varchar(50) DEFAULT NULL,
  `note` text,
  `logdate` timestamp NOT NULL DEFAULT CURRENT_TIMESTAMP,
  PRIMARY KEY (`auditID`)
) ENGINE=InnoDB AUTO_INCREMENT=32 DEFAULT CHARSET=latin1;

-- ----------------------------
-- Records of tb_logs
-- ----------------------------
INSERT INTO `tb_logs` VALUES ('1', '127.0.0.1', '1', 'blogadmin', 'save', ' ID : 5  , Has Been Changed Successfull', '2014-09-16 05:18:10');
INSERT INTO `tb_logs` VALUES ('2', '192.168.1.55', '5', 'Factory', 'save', ' ID : 1  , Has Been Changed Successfull', '2014-10-20 13:50:54');
INSERT INTO `tb_logs` VALUES ('3', '213.16.179.209', '5', 'Wholesaler', 'save', ' ID : 1  , Has Been Changed Successfull', '2014-10-20 15:43:07');
INSERT INTO `tb_logs` VALUES ('4', '195.130.94.126', '5', 'Wholesaler', 'save', ' ID : 1  , Has Been Changed Successfull', '2014-10-20 16:11:43');
INSERT INTO `tb_logs` VALUES ('5', '127.0.0.1', '1', 'Factory', 'save', ' ID : 2  , Has Been Changed Successfull', '2014-11-12 11:45:35');
INSERT INTO `tb_logs` VALUES ('6', '127.0.0.1', '1', 'Factory', 'save', ' ID : 2  , Has Been Changed Successfull', '2014-11-12 11:45:41');
INSERT INTO `tb_logs` VALUES ('7', '127.0.0.1', '1', 'Factory', 'save', ' ID : 2  , Has Been Changed Successfull', '2014-11-12 11:48:58');
INSERT INTO `tb_logs` VALUES ('8', '127.0.0.1', '1', 'Factory', 'save', ' ID : 2  , Has Been Changed Successfull', '2014-11-12 11:50:06');
INSERT INTO `tb_logs` VALUES ('9', '127.0.0.1', '1', 'Factory', 'save', ' ID : 2  , Has Been Changed Successfull', '2014-11-12 11:50:20');
INSERT INTO `tb_logs` VALUES ('10', '127.0.0.1', '1', 'Factory', 'save', ' ID : 1  , Has Been Changed Successfull', '2014-11-12 11:50:58');
INSERT INTO `tb_logs` VALUES ('11', '127.0.0.1', '1', 'Factory', 'save', ' ID : 2  , Has Been Changed Successfull', '2014-11-12 11:52:38');
INSERT INTO `tb_logs` VALUES ('12', '127.0.0.1', '1', 'Factory', 'save', ' ID : 1  , Has Been Changed Successfull', '2014-11-12 11:54:53');
INSERT INTO `tb_logs` VALUES ('13', '127.0.0.1', '1', 'Factory', 'save', ' ID : 2  , Has Been Changed Successfull', '2014-11-12 11:54:59');
INSERT INTO `tb_logs` VALUES ('14', '127.0.0.1', '1', 'Factory', 'save', ' ID : 2  , Has Been Changed Successfull', '2014-11-12 11:55:48');
INSERT INTO `tb_logs` VALUES ('15', '127.0.0.1', '1', 'Factory', 'save', ' ID : 2  , Has Been Changed Successfull', '2014-11-12 11:55:56');
INSERT INTO `tb_logs` VALUES ('16', '127.0.0.1', '1', 'Factory', 'save', ' ID : 2  , Has Been Changed Successfull', '2014-11-12 12:21:52');
INSERT INTO `tb_logs` VALUES ('17', '127.0.0.1', '1', 'Factory', 'save', ' ID : 2  , Has Been Changed Successfull', '2014-11-12 12:22:00');
INSERT INTO `tb_logs` VALUES ('18', '127.0.0.1', '1', 'Values', 'destroy', 'ID : 3  , Has Been Removed Successfull', '2014-11-20 14:26:52');
INSERT INTO `tb_logs` VALUES ('19', '127.0.0.1', '1', 'Values', 'save', ' ID : 2  , Has Been Changed Successfull', '2014-11-20 14:35:05');
INSERT INTO `tb_logs` VALUES ('20', '127.0.0.1', '1', 'Values', 'save', ' ID : 2  , Has Been Changed Successfull', '2014-11-20 14:35:14');
INSERT INTO `tb_logs` VALUES ('21', '127.0.0.1', '1', 'Values', 'save', ' ID : 2  , Has Been Changed Successfull', '2014-11-20 14:50:13');
INSERT INTO `tb_logs` VALUES ('22', '127.0.0.1', '6', 'Values', 'save', ' ID : 2  , Has Been Changed Successfull', '2014-11-20 14:56:24');
INSERT INTO `tb_logs` VALUES ('23', '127.0.0.1', '6', 'Values', 'destroy', 'ID : 2  , Has Been Removed Successfull', '2014-11-20 14:56:32');
INSERT INTO `tb_logs` VALUES ('24', '127.0.0.1', '6', 'Values', 'save', ' ID : 4  , Has Been Changed Successfull', '2014-11-20 14:56:40');
INSERT INTO `tb_logs` VALUES ('25', '127.0.0.1', '6', 'Values', 'save', ' ID : 4  , Has Been Changed Successfull', '2014-11-20 16:13:20');
INSERT INTO `tb_logs` VALUES ('26', '127.0.0.1', '6', 'Values', 'save', ' ID : 4  , Has Been Changed Successfull', '2014-12-17 09:03:23');
INSERT INTO `tb_logs` VALUES ('27', '127.0.0.1', '6', 'Values', 'save', ' ID : 4  , Has Been Changed Successfull', '2014-12-17 09:03:31');
INSERT INTO `tb_logs` VALUES ('28', '127.0.0.1', '6', 'Values', 'save', ' ID : 1  , Has Been Changed Successfull', '2015-01-07 15:41:37');
INSERT INTO `tb_logs` VALUES ('29', '127.0.0.1', '6', 'Values', 'save', ' ID : 1  , Has Been Changed Successfull', '2015-01-07 15:41:37');
INSERT INTO `tb_logs` VALUES ('30', '127.0.0.1', '1', 'Values', 'save', ' ID : 1  , Has Been Changed Successfull', '2015-01-07 16:02:06');
INSERT INTO `tb_logs` VALUES ('31', '127.0.0.1', '1', 'Values', 'save', 'New Entry row with ID : 5  , Has Been Save Successfull', '2015-01-07 16:02:16');

-- ----------------------------
-- Table structure for `tb_menu`
-- ----------------------------
DROP TABLE IF EXISTS `tb_menu`;
CREATE TABLE `tb_menu` (
  `menu_id` int(11) NOT NULL AUTO_INCREMENT,
  `parent_id` int(11) DEFAULT '0',
  `module` varchar(50) DEFAULT NULL,
  `url` varchar(100) DEFAULT NULL,
  `menu_name` varchar(100) DEFAULT NULL,
  `menu_type` char(10) DEFAULT NULL,
  `role_id` varchar(100) DEFAULT NULL,
  `deep` smallint(2) DEFAULT NULL,
  `ordering` int(6) DEFAULT NULL,
  `position` enum('top','sidebar','both') DEFAULT NULL,
  `menu_icons` varchar(30) DEFAULT NULL,
  `active` enum('0','1') DEFAULT '1',
  `access_data` text,
  `allow_guest` enum('0','1') DEFAULT '0',
  PRIMARY KEY (`menu_id`)
) ENGINE=InnoDB AUTO_INCREMENT=34 DEFAULT CHARSET=utf8;

-- ----------------------------
-- Records of tb_menu
-- ----------------------------
INSERT INTO `tb_menu` VALUES ('1', '0', 'portpolio', '', 'Portpolio', 'internal', null, null, '4', 'top', '', '1', '{\"1\":\"0\",\"2\":\"0\",\"3\":\"0\"}', '1');
INSERT INTO `tb_menu` VALUES ('2', '0', 'contact-us', '', 'Contact Us', 'internal', null, null, '6', 'top', '', '1', '{\"1\":\"0\",\"2\":\"0\",\"3\":\"0\"}', '1');
INSERT INTO `tb_menu` VALUES ('7', '0', 'faq', '', 'FAQ', 'internal', null, null, '3', 'top', '', '1', '{\"1\":\"1\",\"2\":\"0\",\"3\":\"0\"}', '1');
INSERT INTO `tb_menu` VALUES ('12', '0', 'about-us', '', 'About', 'internal', null, null, '0', 'top', '', '1', '{\"1\":\"0\",\"2\":\"0\",\"3\":\"0\"}', '1');
INSERT INTO `tb_menu` VALUES ('13', '0', 'service', '', 'Service', 'internal', null, null, '2', 'top', '', '1', '{\"1\":\"0\",\"2\":\"0\",\"3\":\"0\"}', '1');
INSERT INTO `tb_menu` VALUES ('15', '0', '', 'blog', 'Blog', 'external', null, null, '5', 'top', '', '1', '{\"1\":\"0\",\"2\":\"0\",\"3\":\"0\"}', '1');
INSERT INTO `tb_menu` VALUES ('32', '0', 'results', 'http://localhost/scriptcase/app/mais/pdfreport_tb_values/index.php', 'Αποτελέσματα Προσομοίωσης', 'internal', null, null, '3', 'sidebar', 'icon-stats', '1', '{\"1\":\"1\",\"2\":\"1\",\"3\":\"1\"}', '1');
INSERT INTO `tb_menu` VALUES ('33', '0', 'Values', '', 'Παράμετροι', 'internal', null, null, null, 'sidebar', 'icon-settings', '1', '{\"1\":\"1\",\"2\":\"1\",\"3\":\"0\"}', null);

-- ----------------------------
-- Table structure for `tb_module`
-- ----------------------------
DROP TABLE IF EXISTS `tb_module`;
CREATE TABLE `tb_module` (
  `module_id` int(11) NOT NULL AUTO_INCREMENT,
  `module_name` varchar(100) DEFAULT NULL,
  `module_title` varchar(100) DEFAULT NULL,
  `module_note` varchar(255) DEFAULT NULL,
  `module_author` varchar(100) DEFAULT NULL,
  `module_created` timestamp NULL DEFAULT NULL,
  `module_desc` text,
  `module_db` varchar(255) DEFAULT NULL,
  `module_db_key` varchar(100) DEFAULT NULL,
  `module_type` enum('master','report','proccess','core','generic','addon') DEFAULT 'master',
  `module_config` longtext,
  `module_lang` text,
  PRIMARY KEY (`module_id`)
) ENGINE=InnoDB AUTO_INCREMENT=65 DEFAULT CHARSET=utf8;

-- ----------------------------
-- Records of tb_module
-- ----------------------------
INSERT INTO `tb_module` VALUES ('1', 'users', 'Users System', 'Users System', 'Mango Tm', '2013-07-10 18:46:46', null, 'tb_users', 'id', 'core', 'eyJ0YWJsZV9kY4oIonR4XgVzZXJzo4w4cHJ1bWFyeV9rZXk4O4JlciVyXi3ko4w4cgFsXgN3bGVjdCoIo3NFTEVDVCA5dGJfdXN3cnMuK4w5oHR4XidybgVwcymuYWl3oFxyXGmGUk9NoHR4XgVzZXJzoExFR3Q5Sk9JT4B0Y39ncp9lcHM5T0a5dGJfZgJvdXBzLpdybgVwXi3koD05dGJfdXN3cnMuZgJvdXBf6WQ4LCJzcWxfdih3cpU4O4o5oCBXSEVSRSB0Y39lciVycym1ZCAhPScnoCA4LCJzcWxfZgJvdXA4O4o5oCA5o4w4Zp9ybXM4O3t7opZ1ZWxkoj246WQ4LCJhbG3hcyoIonR4XgVzZXJzo4w4bGF4ZWw4O4JJZCosopZvcplfZgJvdXA4O4o4LCJyZXFl6XJ3ZCoIojA4LCJi6WVgoj2xLCJ0eXB3oj246G3kZGVuo4w4YWRkoj2xLCJz6X13oj24MCosopVk6XQ4OjEsonN3YXJj6CoIojE4LCJzbgJ0bG3zdCoIojA4LCJvcHR1bia4Ons4bgB0XgRmcGU4O4o4LCJsbi9rdXBfcXV3cnk4O4o4LCJsbi9rdXBfdGF4bGU4O4o4LCJsbi9rdXBf6iVmoj24o4w4bG9v6gVwXgZhbHV3oj24o4w46XNfZGVwZWmkZWmjeSoIo4osopxvbitlcF9kZXB3bpR3bpNmXit3eSoIo4osonBhdGhfdG9fdXBsbiFkoj24o4w4cpVz6X13Xgd1ZHR2oj24o4w4cpVz6X13Xih36Wd2dCoIo4osonVwbG9hZF90eXB3oj24o4w4dG9vbHR1cCoIo4osopF0dHJ1YnV0ZSoIo4osopVadGVuZF9jbGFzcyoIo4J9fSx7opZ1ZWxkoj24ZgJvdXBf6WQ4LCJhbG3hcyoIonR4XgVzZXJzo4w4bGF4ZWw4O4JHcp9lcCBcLyBMZXZ3bCosopZvcplfZgJvdXA4O4o4LCJyZXFl6XJ3ZCoIonJ3cXV1cpVko4w4dp33dyoIMSw4dH3wZSoIonN3bGVjdCosopFkZCoIMSw4ci3IZSoIojA4LCJ3ZG30oj2xLCJzZWFyYi54O4oxo4w4ci9ydGx1cgQ4O4oyo4w4bgB06W9uoj17op9wdF90eXB3oj24ZXh0ZXJuYWw4LCJsbi9rdXBfcXV3cnk4O4o4LCJsbi9rdXBfdGF4bGU4O4J0Y39ncp9lcHM4LCJsbi9rdXBf6iVmoj24ZgJvdXBf6WQ4LCJsbi9rdXBfdpFsdWU4O4JuYWl3o4w46XNfZGVwZWmkZWmjeSoIo4osopxvbitlcF9kZXB3bpR3bpNmXit3eSoIo4osonBhdGhfdG9fdXBsbiFkoj24o4w4cpVz6X13Xgd1ZHR2oj24o4w4cpVz6X13Xih36Wd2dCoIo4osonVwbG9hZF90eXB3oj24o4w4dG9vbHR1cCoIo4osopF0dHJ1YnV0ZSoIo4osopVadGVuZF9jbGFzcyoIo4J9fSx7opZ1ZWxkoj24dXN3cpmhbWU4LCJhbG3hcyoIonR4XgVzZXJzo4w4bGF4ZWw4O4JVciVybpFtZSosopZvcplfZgJvdXA4O4o4LCJyZXFl6XJ3ZCoIonJ3cXV1cpVko4w4dp33dyoIMSw4dH3wZSoIonR3eHQ4LCJhZGQ4OjEsonN1epU4O4owo4w4ZWR1dCoIMSw4ciVhcpN2oj24MSosonNvcnRs6XN0oj24Myosop9wdG3vb4oIeyJvcHRfdH3wZSoIo4osopxvbitlcF9xdWVyeSoIo4osopxvbitlcF90YWJsZSoIo4osopxvbitlcF9rZXk4O4o4LCJsbi9rdXBfdpFsdWU4O4o4LCJ1cl9kZXB3bpR3bpNmoj24o4w4bG9v6gVwXiR3cGVuZGVuYg3f6iVmoj24o4w4cGF06F90bl9lcGxvYWQ4O4o4LCJyZXN1epVfdi3kdG54O4o4LCJyZXN1epVf6GV1Zih0oj24o4w4dXBsbiFkXgRmcGU4O4o4LCJ0bi9sdG3woj24o4w4YXR0cp34dXR3oj24o4w4ZXh0ZWmkXiNsYXNzoj24onl9LHs4Zp33bGQ4O4Jp6XJzdF9uYWl3o4w4YWx1YXM4O4J0Y39lciVycyosopxhYpVsoj24Rp3ycgQ5TpFtZSosopZvcplfZgJvdXA4O4o4LCJyZXFl6XJ3ZCoIonJ3cXV1cpVko4w4dp33dyoIMSw4dH3wZSoIonR3eHQ4LCJhZGQ4OjEsonN1epU4O4owo4w4ZWR1dCoIMSw4ciVhcpN2oj24MSosonNvcnRs6XN0oj24NCosop9wdG3vb4oIeyJvcHRfdH3wZSoIo4osopxvbitlcF9xdWVyeSoIo4osopxvbitlcF90YWJsZSoIo4osopxvbitlcF9rZXk4O4o4LCJsbi9rdXBfdpFsdWU4O4o4LCJ1cl9kZXB3bpR3bpNmoj24o4w4bG9v6gVwXiR3cGVuZGVuYg3f6iVmoj24o4w4cGF06F90bl9lcGxvYWQ4O4o4LCJyZXN1epVfdi3kdG54O4o4LCJyZXN1epVf6GV1Zih0oj24o4w4dXBsbiFkXgRmcGU4O4o4LCJ0bi9sdG3woj24o4w4YXR0cp34dXR3oj24o4w4ZXh0ZWmkXiNsYXNzoj24onl9LHs4Zp33bGQ4O4JsYXN0XimhbWU4LCJhbG3hcyoIonR4XgVzZXJzo4w4bGF4ZWw4O4JMYXN0oEmhbWU4LCJpbgJtXidybgVwoj24o4w4cpVxdW3yZWQ4O4owo4w4dp33dyoIMSw4dH3wZSoIonR3eHQ4LCJhZGQ4OjEsonN1epU4O4owo4w4ZWR1dCoIMSw4ciVhcpN2oj24MSosonNvcnRs6XN0oj24NSosop9wdG3vb4oIeyJvcHRfdH3wZSoIo4osopxvbitlcF9xdWVyeSoIo4osopxvbitlcF90YWJsZSoIo4osopxvbitlcF9rZXk4O4o4LCJsbi9rdXBfdpFsdWU4O4o4LCJ1cl9kZXB3bpR3bpNmoj24o4w4bG9v6gVwXiR3cGVuZGVuYg3f6iVmoj24o4w4cGF06F90bl9lcGxvYWQ4O4o4LCJyZXN1epVfdi3kdG54O4o4LCJyZXN1epVf6GV1Zih0oj24o4w4dXBsbiFkXgRmcGU4O4o4LCJ0bi9sdG3woj24o4w4YXR0cp34dXR3oj24o4w4ZXh0ZWmkXiNsYXNzoj24onl9LHs4Zp33bGQ4O4J3bWF1bCosopFs6WFzoj24dGJfdXN3cnM4LCJsYWJ3bCoIokVtYW3so4w4Zp9ybV9ncp9lcCoIo4osonJ3cXV1cpVkoj24ZWlh6Ww4LCJi6WVgoj2xLCJ0eXB3oj24dGVadCosopFkZCoIMSw4ci3IZSoIojA4LCJ3ZG30oj2xLCJzZWFyYi54O4oxo4w4ci9ydGx1cgQ4O4oio4w4bgB06W9uoj17op9wdF90eXB3oj24o4w4bG9v6gVwXgFlZXJmoj24o4w4bG9v6gVwXgRhYpx3oj24o4w4bG9v6gVwXit3eSoIo4osopxvbitlcF9iYWxlZSoIo4osop3zXiR3cGVuZGVuYgk4O4o4LCJsbi9rdXBfZGVwZWmkZWmjeV9rZXk4O4o4LCJwYXR2XgRvXgVwbG9hZCoIo4osonJ3ci3IZV9g6WR06CoIo4osonJ3ci3IZV92ZW3n6HQ4O4o4LCJlcGxvYWRfdH3wZSoIo4osonRvbix06XA4O4o4LCJhdHRy6WJldGU4O4o4LCJ3eHR3bpRfYixhcgM4O4o4fX0seyJp6WVsZCoIonBhcgNgbgJko4w4YWx1YXM4O4J0Y39lciVycyosopxhYpVsoj24UGFzcgdvcpQ4LCJpbgJtXidybgVwoj24o4w4cpVxdW3yZWQ4O4owo4w4dp33dyoIMCw4dH3wZSoIonR3eHQ4LCJhZGQ4OjEsonN1epU4O4owo4w4ZWR1dCoIMSw4ciVhcpN2oj2wLCJzbgJ0bG3zdCoIojc4LCJvcHR1bia4Ons4bgB0XgRmcGU4O4o4LCJsbi9rdXBfcXV3cnk4O4o4LCJsbi9rdXBfdGF4bGU4O4owo4w4bG9v6gVwXit3eSoIo4osopxvbitlcF9iYWxlZSoIo4osop3zXiR3cGVuZGVuYgk4O4o4LCJsbi9rdXBfZGVwZWmkZWmjeV9rZXk4O4o4LCJwYXR2XgRvXgVwbG9hZCoIo4osonJ3ci3IZV9g6WR06CoIo4osonJ3ci3IZV92ZW3n6HQ4O4o4LCJlcGxvYWRfdH3wZSoIo4osonRvbix06XA4O4o4LCJhdHRy6WJldGU4O4o4LCJ3eHR3bpRfYixhcgM4O4o4fX0seyJp6WVsZCoIopxvZi3uXiF0dGVtcHQ4LCJhbG3hcyoIonR4XgVzZXJzo4w4bGF4ZWw4O4JMbid1b4BBdHR3bXB0o4w4Zp9ybV9ncp9lcCoIo4osonJ3cXV1cpVkoj24MCosonZ1ZXc4OjEsonRmcGU4O4J0ZXh0o4w4YWRkoj2xLCJz6X13oj24MCosopVk6XQ4OjEsonN3YXJj6CoIMCw4ci9ydGx1cgQ4O4oao4w4bgB06W9uoj17op9wdF90eXB3oj24o4w4bG9v6gVwXgFlZXJmoj24o4w4bG9v6gVwXgRhYpx3oj24o4w4bG9v6gVwXit3eSoIo4osopxvbitlcF9iYWxlZSoIo4osop3zXiR3cGVuZGVuYgk4O4o4LCJsbi9rdXBfZGVwZWmkZWmjeV9rZXk4O4o4LCJwYXR2XgRvXgVwbG9hZCoIo4osonJ3ci3IZV9g6WR06CoIo4osonJ3ci3IZV92ZW3n6HQ4O4o4LCJlcGxvYWRfdH3wZSoIo4osonRvbix06XA4O4o4LCJhdHRy6WJldGU4O4o4LCJ3eHR3bpRfYixhcgM4O4o4fX0seyJp6WVsZCoIopxhcgRfbG9n6Wa4LCJhbG3hcyoIonR4XgVzZXJzo4w4bGF4ZWw4O4JMYXN0oExvZi3uo4w4Zp9ybV9ncp9lcCoIo4osonJ3cXV1cpVkoj24MCosonZ1ZXc4OjAsonRmcGU4O4J0ZXh0o4w4YWRkoj2xLCJz6X13oj24MCosopVk6XQ4OjEsonN3YXJj6CoIMCw4ci9ydGx1cgQ4O4omo4w4bgB06W9uoj17op9wdF90eXB3oj24o4w4bG9v6gVwXgFlZXJmoj24o4w4bG9v6gVwXgRhYpx3oj24MCosopxvbitlcF9rZXk4O4o4LCJsbi9rdXBfdpFsdWU4O4o4LCJ1cl9kZXB3bpR3bpNmoj24o4w4bG9v6gVwXiR3cGVuZGVuYg3f6iVmoj24o4w4cGF06F90bl9lcGxvYWQ4O4o4LCJyZXN1epVfdi3kdG54O4o4LCJyZXN1epVf6GV1Zih0oj24o4w4dXBsbiFkXgRmcGU4O4o4LCJ0bi9sdG3woj24o4w4YXR0cp34dXR3oj24o4w4ZXh0ZWmkXiNsYXNzoj24onl9LHs4Zp33bGQ4O4JhYgR1dpU4LCJhbG3hcyoIonR4XgVzZXJzo4w4bGF4ZWw4O4JTdGF0dXM4LCJpbgJtXidybgVwoj24o4w4cpVxdW3yZWQ4O4JyZXFl6XJ3ZCosonZ1ZXc4OjEsonRmcGU4O4JyYWR1byosopFkZCoIMSw4ci3IZSoIojA4LCJ3ZG30oj2xLCJzZWFyYi54O4oxo4w4ci9ydGx1cgQ4O4oxMCosop9wdG3vb4oIeyJvcHRfdH3wZSoIopRhdGFs6XN0o4w4bG9v6gVwXgFlZXJmoj24MD1JbpFjdG3iZXwxOkFjdG3iZSosopxvbitlcF90YWJsZSoIo4osopxvbitlcF9rZXk4O4o4LCJsbi9rdXBfdpFsdWU4O4o4LCJ1cl9kZXB3bpR3bpNmoj24o4w4bG9v6gVwXiR3cGVuZGVuYg3f6iVmoj24o4w4cGF06F90bl9lcGxvYWQ4O4o4LCJyZXN1epVfdi3kdG54O4o4LCJyZXN1epVf6GV1Zih0oj24o4w4dXBsbiFkXgRmcGU4O4o4LCJ0bi9sdG3woj24o4w4YXR0cp34dXR3oj24o4w4ZXh0ZWmkXiNsYXNzoj24onl9LHs4Zp33bGQ4O4JhdpF0YXo4LCJhbG3hcyoIonR4XgVzZXJzo4w4bGF4ZWw4O4JBdpF0YXo4LCJpbgJtXidybgVwoj24o4w4cpVxdW3yZWQ4O4owo4w4dp33dyoIMSw4dH3wZSoIopZ1bGU4LCJhZGQ4OjEsonN1epU4O4owo4w4ZWR1dCoIMSw4ciVhcpN2oj2wLCJzbgJ0bG3zdCoIojExo4w4bgB06W9uoj17op9wdF90eXB3oj24o4w4bG9v6gVwXgFlZXJmoj24o4w4bG9v6gVwXgRhYpx3oj24o4w4bG9v6gVwXit3eSoIo4osopxvbitlcF9iYWxlZSoIo4osop3zXiR3cGVuZGVuYgk4O4o4LCJsbi9rdXBfZGVwZWmkZWmjeV9rZXk4O4o4LCJwYXR2XgRvXgVwbG9hZCoIo3wvdXBsbiFkclwvdXN3cnNcLyosonJ3ci3IZV9g6WR06CoIo4osonJ3ci3IZV92ZW3n6HQ4O4o4LCJlcGxvYWRfdH3wZSoIop3tYWd3o4w4dG9vbHR1cCoIo4osopF0dHJ1YnV0ZSoIo4osopVadGVuZF9jbGFzcyoIo4J9fSx7opZ1ZWxkoj24YgJ3YXR3ZF9hdCosopFs6WFzoj24dGJfdXN3cnM4LCJsYWJ3bCoIokNyZWF0ZWQ5QXQ4LCJpbgJtXidybgVwoj24o4w4cpVxdW3yZWQ4O4owo4w4dp33dyoIMCw4dH3wZSoIonR3eHRhcpVho4w4YWRkoj2xLCJz6X13oj24MCosopVk6XQ4OjEsonN3YXJj6CoIMCw4ci9ydGx1cgQ4O4oxM4osop9wdG3vb4oIeyJvcHRfdH3wZSoIo4osopxvbitlcF9xdWVyeSoIo4osopxvbitlcF90YWJsZSoIo4osopxvbitlcF9rZXk4O4o4LCJsbi9rdXBfdpFsdWU4O4o4LCJ1cl9kZXB3bpR3bpNmoj24o4w4bG9v6gVwXiR3cGVuZGVuYg3f6iVmoj24o4w4cGF06F90bl9lcGxvYWQ4O4o4LCJyZXN1epVfdi3kdG54O4o4LCJyZXN1epVf6GV1Zih0oj24o4w4dXBsbiFkXgRmcGU4O4o4LCJ0bi9sdG3woj24o4w4YXR0cp34dXR3oj24o4w4ZXh0ZWmkXiNsYXNzoj24onl9LHs4Zp33bGQ4O4JlcGRhdGVkXiF0o4w4YWx1YXM4O4J0Y39lciVycyosopxhYpVsoj24VXBkYXR3ZCBBdCosopZvcplfZgJvdXA4O4o4LCJyZXFl6XJ3ZCoIojA4LCJi6WVgoj2wLCJ0eXB3oj24dGVadGFyZWE4LCJhZGQ4OjEsonN1epU4O4owo4w4ZWR1dCoIMSw4ciVhcpN2oj2wLCJzbgJ0bG3zdCoIojEzo4w4bgB06W9uoj17op9wdF90eXB3oj24o4w4bG9v6gVwXgFlZXJmoj24o4w4bG9v6gVwXgRhYpx3oj24o4w4bG9v6gVwXit3eSoIo4osopxvbitlcF9iYWxlZSoIo4osop3zXiR3cGVuZGVuYgk4O4o4LCJsbi9rdXBfZGVwZWmkZWmjeV9rZXk4O4o4LCJwYXR2XgRvXgVwbG9hZCoIo4osonJ3ci3IZV9g6WR06CoIo4osonJ3ci3IZV92ZW3n6HQ4O4o4LCJlcGxvYWRfdH3wZSoIo4osonRvbix06XA4O4o4LCJhdHRy6WJldGU4O4o4LCJ3eHR3bpRfYixhcgM4O4o4fXldLCJncp3koj1beyJp6WVsZCoIop3ko4w4YWx1YXM4O4J0Y39lciVycyosopxhYpVsoj24SWQ4LCJi6WVgoj2wLCJkZXRh6Ww4OjAsonNvcnRhYpx3oj2wLCJzZWFyYi54OjEsopRvdimsbiFkoj2wLCJpcp9IZWa4OjEsond1ZHR2oj24MTAwo4w4YWx1Zia4O4JsZWZ0o4w4ci9ydGx1cgQ4O4owo4w4Yi9ub4oIeyJiYWx1ZCoIo4osopR4oj24o4w46iVmoj24o4w4ZG3zcGxheSoIo4J9LCJhdHRy6WJldGU4Ons46H3wZXJs6Wmroj17opFjdG3iZSoIMSw4bG3u6yoIo4osonRhcpd3dCoIo4osoph0bWw4O4o4fSw46WlhZiU4Ons4YWN06XZ3oj2wLCJwYXR2oj24o4w4ci3IZV9aoj24o4w4ci3IZV9moj24o4w46HRtbCoIo4J9fX0seyJp6WVsZCoIopFiYXRhc4osopFs6WFzoj24dGJfdXN3cnM4LCJsYWJ3bCoIokFiYXRhc4osonZ1ZXc4OjEsopR3dGF1bCoIMSw4ci9ydGF4bGU4OjAsonN3YXJj6CoIMSw4ZG9gbpxvYWQ4OjAsopZybg13b4oIMSw4di3kdG54O4ozMCosopFs6Wduoj24bGVpdCosonNvcnRs6XN0oj24MSosopNvbpa4Ons4dpFs6WQ4O4o4LCJkY4oIo4osopt3eSoIo4osopR1cgBsYXk4O4o4fSw4YXR0cp34dXR3oj17ophmcGVybG3u6yoIeyJhYgR1dpU4OjEsopx1bps4O4o4LCJ0YXJnZXQ4O4o4LCJ2dGlsoj24on0sop3tYWd3oj17opFjdG3iZSoIMSw4cGF06CoIo3wvdXBsbiFkclwvdXN3cnM4LCJz6X13Xg54O4o4LCJz6X13Xgk4O4o4LCJ2dGlsoj24onl9fSx7opZ1ZWxkoj24ZgJvdXBf6WQ4LCJhbG3hcyoIonR4XgVzZXJzo4w4bGF4ZWw4O4JHcp9lcCosonZ1ZXc4OjEsopR3dGF1bCoIMSw4ci9ydGF4bGU4OjAsonN3YXJj6CoIMSw4ZG9gbpxvYWQ4OjAsopZybg13b4oIMSw4di3kdG54O4oxMDA4LCJhbG3nb4oIopx3ZnQ4LCJzbgJ0bG3zdCoIojM4LCJjbimuoj17onZhbG3koj24MSosopR4oj24dGJfZgJvdXBzo4w46iVmoj24ZgJvdXBf6WQ4LCJk6XNwbGFmoj24bpFtZSJ9LCJhdHRy6WJldGU4Ons46H3wZXJs6Wmroj17opFjdG3iZSoIMSw4bG3u6yoIo4osonRhcpd3dCoIo4osoph0bWw4O4o4fSw46WlhZiU4Ons4YWN06XZ3oj2wLCJwYXR2oj24o4w4ci3IZV9aoj24o4w4ci3IZV9moj24o4w46HRtbCoIo4J9fX0seyJp6WVsZCoIopmhbWU4LCJhbG3hcyoIonR4XidybgVwcyosopxhYpVsoj24RgJvdXA4LCJi6WVgoj2wLCJkZXRh6Ww4OjAsonNvcnRhYpx3oj2wLCJzZWFyYi54OjEsopRvdimsbiFkoj2wLCJpcp9IZWa4OjEsond1ZHR2oj24MTAwo4w4YWx1Zia4O4JsZWZ0o4w4ci9ydGx1cgQ4O4o0o4w4Yi9ub4oIeyJiYWx1ZCoIo4osopR4oj24o4w46iVmoj24o4w4ZG3zcGxheSoIo4J9LCJhdHRy6WJldGU4Ons46H3wZXJs6Wmroj17opFjdG3iZSoIMSw4bG3u6yoIo4osonRhcpd3dCoIo4osoph0bWw4O4o4fSw46WlhZiU4Ons4YWN06XZ3oj2wLCJwYXR2oj24o4w4ci3IZV9aoj24o4w4ci3IZV9moj24o4w46HRtbCoIo4J9fX0seyJp6WVsZCoIonVzZXJuYWl3o4w4YWx1YXM4O4J0Y39lciVycyosopxhYpVsoj24VXN3cpmhbWU4LCJi6WVgoj2xLCJkZXRh6Ww4OjEsonNvcnRhYpx3oj2xLCJzZWFyYi54OjEsopRvdimsbiFkoj2xLCJpcp9IZWa4OjEsond1ZHR2oj24MTAwo4w4YWx1Zia4O4o4LCJzbgJ0bG3zdCoIojU4LCJjbimuoj17onZhbG3koj24o4w4ZGo4O4o4LCJrZXk4O4o4LCJk6XNwbGFmoj24on0sopF0dHJ1YnV0ZSoIeyJ2eXB3cpx1bps4Ons4YWN06XZ3oj2xLCJs6Wmroj24o4w4dGFyZiV0oj24o4w46HRtbCoIo4J9LCJ1bWFnZSoIeyJhYgR1dpU4OjAsonBhdG54O4o4LCJz6X13Xg54O4o4LCJz6X13Xgk4O4o4LCJ2dGlsoj24onl9fSx7opZ1ZWxkoj24Zp3ycgRfbpFtZSosopFs6WFzoj24dGJfdXN3cnM4LCJsYWJ3bCoIokZ1cnN0oEmhbWU4LCJi6WVgoj2xLCJkZXRh6Ww4OjEsonNvcnRhYpx3oj2xLCJzZWFyYi54OjEsopRvdimsbiFkoj2xLCJpcp9IZWa4OjEsond1ZHR2oj24MTAwo4w4YWx1Zia4O4o4LCJzbgJ0bG3zdCoIojY4LCJjbimuoj17onZhbG3koj24o4w4ZGo4O4o4LCJrZXk4O4o4LCJk6XNwbGFmoj24on0sopF0dHJ1YnV0ZSoIeyJ2eXB3cpx1bps4Ons4YWN06XZ3oj2xLCJs6Wmroj24o4w4dGFyZiV0oj24o4w46HRtbCoIo4J9LCJ1bWFnZSoIeyJhYgR1dpU4OjAsonBhdG54O4o4LCJz6X13Xg54O4o4LCJz6X13Xgk4O4o4LCJ2dGlsoj24onl9fSx7opZ1ZWxkoj24bGFzdF9uYWl3o4w4YWx1YXM4O4J0Y39lciVycyosopxhYpVsoj24TGFzdCBOYWl3o4w4dp33dyoIMSw4ZGV0YW3soj2xLCJzbgJ0YWJsZSoIMSw4ciVhcpN2oj2xLCJkbgdubG9hZCoIMSw4ZnJvepVuoj2xLCJg6WR06CoIojEwMCosopFs6Wduoj24o4w4ci9ydGx1cgQ4O4ogo4w4Yi9ub4oIeyJiYWx1ZCoIo4osopR4oj24o4w46iVmoj24o4w4ZG3zcGxheSoIo4J9LCJhdHRy6WJldGU4Ons46H3wZXJs6Wmroj17opFjdG3iZSoIMSw4bG3u6yoIo4osonRhcpd3dCoIo4osoph0bWw4O4o4fSw46WlhZiU4Ons4YWN06XZ3oj2wLCJwYXR2oj24o4w4ci3IZV9aoj24o4w4ci3IZV9moj24o4w46HRtbCoIo4J9fX0seyJp6WVsZCoIopVtYW3so4w4YWx1YXM4O4J0Y39lciVycyosopxhYpVsoj24RWlh6Ww4LCJi6WVgoj2xLCJkZXRh6Ww4OjEsonNvcnRhYpx3oj2xLCJzZWFyYi54OjEsopRvdimsbiFkoj2xLCJpcp9IZWa4OjEsond1ZHR2oj24MTAwo4w4YWx1Zia4O4o4LCJzbgJ0bG3zdCoIoj54LCJjbimuoj17onZhbG3koj24o4w4ZGo4O4o4LCJrZXk4O4o4LCJk6XNwbGFmoj24on0sopF0dHJ1YnV0ZSoIeyJ2eXB3cpx1bps4Ons4YWN06XZ3oj2xLCJs6Wmroj24o4w4dGFyZiV0oj24o4w46HRtbCoIo4J9LCJ1bWFnZSoIeyJhYgR1dpU4OjAsonBhdG54O4o4LCJz6X13Xg54O4o4LCJz6X13Xgk4O4o4LCJ2dGlsoj24onl9fSx7opZ1ZWxkoj24cGFzcgdvcpQ4LCJhbG3hcyoIonR4XgVzZXJzo4w4bGF4ZWw4O4JQYXNzdi9yZCosonZ1ZXc4OjAsopR3dGF1bCoIMCw4ci9ydGF4bGU4OjAsonN3YXJj6CoIMSw4ZG9gbpxvYWQ4OjAsopZybg13b4oIMSw4di3kdG54O4oxMDA4LCJhbG3nb4oIopx3ZnQ4LCJzbgJ0bG3zdCoIojk4LCJjbimuoj17onZhbG3koj24o4w4ZGo4O4o4LCJrZXk4O4o4LCJk6XNwbGFmoj24on0sopF0dHJ1YnV0ZSoIeyJ2eXB3cpx1bps4Ons4YWN06XZ3oj2xLCJs6Wmroj24o4w4dGFyZiV0oj24o4w46HRtbCoIo4J9LCJ1bWFnZSoIeyJhYgR1dpU4OjAsonBhdG54O4o4LCJz6X13Xg54O4o4LCJz6X13Xgk4O4o4LCJ2dGlsoj24onl9fSx7opZ1ZWxkoj24bG9n6WmfYXR0ZWlwdCosopFs6WFzoj24dGJfdXN3cnM4LCJsYWJ3bCoIokxvZi3uoEF0dGVtcHQ4LCJi6WVgoj2wLCJkZXRh6Ww4OjAsonNvcnRhYpx3oj2wLCJzZWFyYi54OjEsopRvdimsbiFkoj2wLCJpcp9IZWa4OjEsond1ZHR2oj24MTAwo4w4YWx1Zia4O4JsZWZ0o4w4ci9ydGx1cgQ4O4oxMCosopNvbpa4Ons4dpFs6WQ4O4o4LCJkY4oIo4osopt3eSoIo4osopR1cgBsYXk4O4o4fSw4YXR0cp34dXR3oj17ophmcGVybG3u6yoIeyJhYgR1dpU4OjEsopx1bps4O4o4LCJ0YXJnZXQ4O4o4LCJ2dGlsoj24on0sop3tYWd3oj17opFjdG3iZSoIMCw4cGF06CoIo4osonN1epVfeCoIo4osonN1epVfeSoIo4osoph0bWw4O4o4fXl9LHs4Zp33bGQ4O4JjcpVhdGVkXiF0o4w4YWx1YXM4O4J0Y39lciVycyosopxhYpVsoj24QgJ3YXR3ZCBBdCosonZ1ZXc4OjAsopR3dGF1bCoIMSw4ci9ydGF4bGU4OjAsonN3YXJj6CoIMSw4ZG9gbpxvYWQ4OjEsopZybg13b4oIMSw4di3kdG54O4oxMDA4LCJhbG3nb4oIopx3ZnQ4LCJzbgJ0bG3zdCoIojExo4w4Yi9ub4oIeyJiYWx1ZCoIo4osopR4oj24o4w46iVmoj24o4w4ZG3zcGxheSoIo4J9LCJhdHRy6WJldGU4Ons46H3wZXJs6Wmroj17opFjdG3iZSoIMSw4bG3u6yoIo4osonRhcpd3dCoIo4osoph0bWw4O4o4fSw46WlhZiU4Ons4YWN06XZ3oj2wLCJwYXR2oj24o4w4ci3IZV9aoj24o4w4ci3IZV9moj24o4w46HRtbCoIo4J9fX0seyJp6WVsZCoIopxhcgRfbG9n6Wa4LCJhbG3hcyoIonR4XgVzZXJzo4w4bGF4ZWw4O4JMYXN0oExvZi3uo4w4dp33dyoIMCw4ZGV0YW3soj2xLCJzbgJ0YWJsZSoIMCw4ciVhcpN2oj2xLCJkbgdubG9hZCoIMSw4ZnJvepVuoj2xLCJg6WR06CoIojEwMCosopFs6Wduoj24bGVpdCosonNvcnRs6XN0oj24MTo4LCJjbimuoj17onZhbG3koj24o4w4ZGo4O4o4LCJrZXk4O4o4LCJk6XNwbGFmoj24on0sopF0dHJ1YnV0ZSoIeyJ2eXB3cpx1bps4Ons4YWN06XZ3oj2xLCJs6Wmroj24o4w4dGFyZiV0oj24o4w46HRtbCoIo4J9LCJ1bWFnZSoIeyJhYgR1dpU4OjAsonBhdG54O4o4LCJz6X13Xg54O4o4LCJz6X13Xgk4O4o4LCJ2dGlsoj24onl9fSx7opZ1ZWxkoj24dXBkYXR3ZF9hdCosopFs6WFzoj24dGJfdXN3cnM4LCJsYWJ3bCoIo3VwZGF0ZWQ5QXQ4LCJi6WVgoj2wLCJkZXRh6Ww4OjEsonNvcnRhYpx3oj2xLCJzZWFyYi54OjEsopRvdimsbiFkoj2xLCJpcp9IZWa4OjEsond1ZHR2oj24MTAwo4w4YWx1Zia4O4JsZWZ0o4w4ci9ydGx1cgQ4O4oxMyosopNvbpa4Ons4dpFs6WQ4O4o4LCJkY4oIo4osopt3eSoIo4osopR1cgBsYXk4O4o4fSw4YXR0cp34dXR3oj17ophmcGVybG3u6yoIeyJhYgR1dpU4OjEsopx1bps4O4o4LCJ0YXJnZXQ4O4o4LCJ2dGlsoj24on0sop3tYWd3oj17opFjdG3iZSoIMCw4cGF06CoIo4osonN1epVfeCoIo4osonN1epVfeSoIo4osoph0bWw4O4o4fXl9LHs4Zp33bGQ4O4JhYgR1dpU4LCJhbG3hcyoIonR4XgVzZXJzo4w4bGF4ZWw4O4JBYgR1dpU4LCJi6WVgoj2xLCJkZXRh6Ww4OjEsonNvcnRhYpx3oj2xLCJzZWFyYi54OjEsopRvdimsbiFkoj2wLCJpcp9IZWa4OjEsond1ZHR2oj24MTAwo4w4YWx1Zia4O4o4LCJzbgJ0bG3zdCoIojE0o4w4Yi9ub4oIeyJiYWx1ZCoIo4osopR4oj24o4w46iVmoj24o4w4ZG3zcGxheSoIo4J9LCJhdHRy6WJldGU4Ons46H3wZXJs6Wmroj17opFjdG3iZSoIMSw4bG3u6yoIo4osonRhcpd3dCoIo4osoph0bWw4O4o4fSw46WlhZiU4Ons4YWN06XZ3oj2wLCJwYXR2oj24o4w4ci3IZV9aoj24o4w4ci3IZV9moj24o4w46HRtbCoIo4J9fXldfQ==', null);
INSERT INTO `tb_module` VALUES ('2', 'groups', 'Users Group', 'View All', 'Mango Tm', '2013-07-10 09:45:14', null, 'tb_groups', 'group_id', 'core', 'eyJ0YWJsZV9kY4oIonR4XidybgVwcyosonBy6Wlhcn3f6iVmoj246WQ4LCJzcWxfciVsZWN0oj24U0VMRUNUoCBcb3x0dGJfZgJvdXBzLpdybgVwXi3kLFxuXHR0Y39ncp9lcHMubpFtZSxcb3x0dGJfZgJvdXBzLpR3ciNy6XB06W9uLFxuXHR0Y39ncp9lcHMubGViZWxcb3xuXGmGUk9NoHR4XidybgVwcyA4LCJzcWxfdih3cpU4O4o5oFdoRVJFoHR4XidybgVwcymncp9lcF91ZCBJUyBOTlQ5T3VMTCA4LCJzcWxfZgJvdXA4O4o5oCosopZvcplzoj1beyJp6WVsZCoIopdybgVwXi3ko4w4YWx1YXM4O4J0Y39ncp9lcHM4LCJsYWJ3bCoIokdybgVwoE3ko4w4cpVxdW3yZWQ4O4owo4w4dp33dyoIMSw4Zp9ybV9ncp9lcCoIo4osonRmcGU4O4J26WRkZWa4LCJhZGQ4O4oxo4w4ZWR1dCoIojE4LCJzZWFyYi54OjEsonNvcnRs6XN0oj2wLCJz6X13oj24cgBhbjEyo4w4bgB06W9uoj17op9wdF90eXB3oj1udWxsLCJsbi9rdXBfcXV3cnk4OpmlbGwsopxvbitlcF90YWJsZSoIbnVsbCw4bG9v6gVwXit3eSoIbnVsbCw4bG9v6gVwXgZhbHV3oj1udWxsLCJ1cl9kZXB3bpR3bpNmoj1udWxsLCJsbi9rdXBfZGVwZWmkZWmjeV9rZXk4OpmlbGwsonBhdGhfdG9fdXBsbiFkoj24o4w4dXBsbiFkXgRmcGU4OpmlbGx9fSx7opZ1ZWxkoj24bpFtZSosopFs6WFzoj24dGJfZgJvdXBzo4w4bGF4ZWw4O4JOYWl3o4w4cpVxdW3yZWQ4O4JyZXFl6XJ3ZCosonZ1ZXc4OjEsopZvcplfZgJvdXA4O4o4LCJ0eXB3oj24dGVadCosopFkZCoIZpFsciUsopVk6XQ4OpZhbHN3LCJzZWFyYi54OjEsonNvcnRs6XN0oj2xLCJz6X13oj24cgBhbjEyo4w4bgB06W9uoj17op9wdF90eXB3oj1pYWxzZSw4bG9v6gVwXgFlZXJmoj24o4w4bG9v6gVwXgRhYpx3oj24o4w4bG9v6gVwXit3eSoIZpFsciUsopxvbitlcF9iYWxlZSoIZpFsciUsop3zXiR3cGVuZGVuYgk4OpZhbHN3LCJsbi9rdXBfZGVwZWmkZWmjeV9rZXk4OpZhbHN3LCJwYXR2XgRvXgVwbG9hZCoIo4osonVwbG9hZF90eXB3oj1pYWxzZXl9LHs4Zp33bGQ4O4JkZXNjcp3wdG3vb4osopFs6WFzoj24dGJfZgJvdXBzo4w4bGF4ZWw4O4JEZXNjcp3wdG3vb4osonJ3cXV1cpVkoj24MCosonZ1ZXc4OjEsopZvcplfZgJvdXA4O4o4LCJ0eXB3oj24dGVadGFyZWE4LCJhZGQ4O4o4LCJ3ZG30oj24o4w4ciVhcpN2oj2xLCJzbgJ0bG3zdCoIM4w4ci3IZSoIonNwYWaxM4osop9wdG3vb4oIeyJvcHRfdH3wZSoIo4osopxvbitlcF9xdWVyeSoIo4osopxvbitlcF90YWJsZSoIo4osopxvbitlcF9rZXk4O4o4LCJsbi9rdXBfdpFsdWU4O4o4LCJ1cl9kZXB3bpR3bpNmoj24o4w4bG9v6gVwXiR3cGVuZGVuYg3f6iVmoj24o4w4cGF06F90bl9lcGxvYWQ4O4o4LCJlcGxvYWRfdH3wZSoIo4J9fSx7opZ1ZWxkoj24bGViZWw4LCJhbG3hcyoIonR4XidybgVwcyosopxhYpVsoj24TGViZWw4LCJyZXFl6XJ3ZCoIonJ3cXV1cpVko4w4dp33dyoIMSw4Zp9ybV9ncp9lcCoIo4osonRmcGU4O4J0ZXh0XimlbWJ3c4osopFkZCoIZpFsciUsopVk6XQ4OpZhbHN3LCJzZWFyYi54OjEsonNvcnRs6XN0oj2zLCJz6X13oj24cgBhbjEyo4w4bgB06W9uoj17op9wdF90eXB3oj1pYWxzZSw4bG9v6gVwXgFlZXJmoj24o4w4bG9v6gVwXgRhYpx3oj24o4w4bG9v6gVwXit3eSoIZpFsciUsopxvbitlcF9iYWxlZSoIZpFsciUsop3zXiR3cGVuZGVuYgk4OpZhbHN3LCJsbi9rdXBfZGVwZWmkZWmjeV9rZXk4OpZhbHN3LCJwYXR2XgRvXgVwbG9hZCoIo4osonVwbG9hZF90eXB3oj1pYWxzZXl9XSw4ZgJ1ZCoIWgs4Zp33bGQ4O4Jncp9lcF91ZCosopFs6WFzoj24dGJfZgJvdXBzo4w4bGF4ZWw4O4JJRCosonZ1ZXc4OjEsopR3dGF1bCoIMSw4ci9ydGF4bGU4OjEsonN3YXJj6CoIMSw4ZG9gbpxvYWQ4OjEsopZybg13b4oIMSw4di3kdG54O4oxMDA4LCJhbG3nb4oIopx3ZnQ4LCJzbgJ0bG3zdCoIojA4LCJhdHRy6WJldGU4Ons46H3wZXJs6Wmroj17opFjdG3iZSoIMCw4bG3u6yoIo4osonRhcpd3dCoIo39zZWxpo4w46HRtbCoIo4J9LCJ1bWFnZSoIeyJhYgR1dpU4OjAsonBhdG54O4o4LCJz6X13Xg54O4o4LCJz6X13Xgk4O4o4LCJ2dGlsoj24onl9fSx7opZ1ZWxkoj24bpFtZSosopFs6WFzoj24dGJfZgJvdXBzo4w4bGF4ZWw4O4JOYWl3o4w4dp33dyoIMSw4ZGV0YW3soj2xLCJzbgJ0YWJsZSoIMSw4ciVhcpN2oj2xLCJkbgdubG9hZCoIMSw4ZnJvepVuoj2xLCJg6WR06CoIojEwMCosopFs6Wduoj24o4w4ci9ydGx1cgQ4O4oxo4w4YXR0cp34dXR3oj17ophmcGVybG3u6yoIeyJhYgR1dpU4OjAsopx1bps4O4o4LCJ0YXJnZXQ4O4JfciVsZ4osoph0bWw4O4o4fSw46WlhZiU4Ons4YWN06XZ3oj2wLCJwYXR2oj24o4w4ci3IZV9aoj24o4w4ci3IZV9moj24o4w46HRtbCoIo4J9fX0seyJp6WVsZCoIopR3ciNy6XB06W9uo4w4YWx1YXM4O4J0Y39ncp9lcHM4LCJsYWJ3bCoIokR3ciNy6XB06W9uo4w4dp33dyoIMSw4ZGV0YW3soj2xLCJzbgJ0YWJsZSoIMSw4ciVhcpN2oj2xLCJkbgdubG9hZCoIMSw4ZnJvepVuoj2xLCJg6WR06CoIojEwMCosopFs6Wduoj24o4w4ci9ydGx1cgQ4O4oyo4w4YXR0cp34dXR3oj17ophmcGVybG3u6yoIeyJhYgR1dpU4OjAsopx1bps4O4o4LCJ0YXJnZXQ4O4JfciVsZ4osoph0bWw4O4o4fSw46WlhZiU4Ons4YWN06XZ3oj2wLCJwYXR2oj24o4w4ci3IZV9aoj24o4w4ci3IZV9moj24o4w46HRtbCoIo4J9fX0seyJp6WVsZCoIopx3dpVso4w4YWx1YXM4O4J0Y39ncp9lcHM4LCJsYWJ3bCoIokx3dpVso4w4dp33dyoIMSw4ZGV0YW3soj2xLCJzbgJ0YWJsZSoIMSw4ciVhcpN2oj2xLCJkbgdubG9hZCoIMSw4ZnJvepVuoj2xLCJg6WR06CoIojEwMCosopFs6Wduoj24bGVpdCosonNvcnRs6XN0oj24MyosopF0dHJ1YnV0ZSoIeyJ2eXB3cpx1bps4Ons4YWN06XZ3oj2wLCJs6Wmroj24o4w4dGFyZiV0oj24XgN3bGY4LCJ2dGlsoj24on0sop3tYWd3oj17opFjdG3iZSoIMCw4cGF06CoIo4osonN1epVfeCoIo4osonN1epVfeSoIo4osoph0bWw4O4o4fXl9XX0=', null);
INSERT INTO `tb_module` VALUES ('4', 'module', 'Module Management', 'All module applications', 'Mango Tm', '2013-08-25 07:58:43', null, 'tb_module', 'module_id', 'core', 'eyJ0YWJsZV9kY4oIonR4XilvZHVsZSosonBy6Wlhcn3f6iVmoj24bW9kdWx3Xi3ko4w4cgFsXgN3bGVjdCoIo3NFTEVDVCB0Y39tbiRlbGUubW9kdWx3Xi3kLHR4XilvZHVsZSmtbiRlbGVfbpFtZSx0Y39tbiRlbGUubW9kdWx3XgR1dGx3LHR4XilvZHVsZSmtbiRlbGVfbp90ZSx0Y39tbiRlbGUubW9kdWx3XiFldGhvc4x0Y39tbiRlbGUubW9kdWx3XiNyZWF0ZWQsdGJfbW9kdWx3LplvZHVsZV9kZXNjLHR4XilvZHVsZSmtbiRlbGVfZGosdGJfbW9kdWx3LplvZHVsZV9kY39rZXksdGJfbW9kdWx3LplvZHVsZV90eXB3LHR4XilvZHVsZSmncp9lcF91ZCx0Y39tbiRlbGUubW9kdWx3XgBhdG55oEZST005dGJfbW9kdWx3oCosonNxbF9g6GVyZSoIo4A5oFdoRVJFoHR4XilvZHVsZSmtbiRlbGVf6WQ5SVM5Tk9UoEmVTEw5QUmEoGlvZHVsZV9uYWl3oCE9JilvZHVsZSc5oCosonNxbF9ncp9lcCoIo4A5oCA4LCJpbgJtcyoIWgs4Zp33bGQ4O4JtbiRlbGVf6WQ4LCJhbG3hcyoIonR4XilvZHVsZSosopxhYpVsoj24TW9kdWx3oE3ko4w4Zp9ybV9ncp9lcCoIo4osonJ3cXV1cpVkoj24MCosonZ1ZXc4OjEsonRmcGU4O4J26WRkZWa4LCJhZGQ4OpZhbHN3LCJ3ZG30oj1pYWxzZSw4ciVhcpN2oj2wLCJz6X13oj24cgBhbjEyo4w4ci9ydGx1cgQ4O4owo4w4bgB06W9uoj17op9wdF90eXB3oj1pYWxzZSw4bG9v6gVwXgFlZXJmoj24o4w4bG9v6gVwXgRhYpx3oj24o4w4bG9v6gVwXit3eSoIZpFsciUsopxvbitlcF9iYWxlZSoIZpFsciUsop3zXiR3cGVuZGVuYgk4OpZhbHN3LCJsbi9rdXBfZGVwZWmkZWmjeV9rZXk4OpZhbHN3LCJwYXR2XgRvXgVwbG9hZCoIo4osonVwbG9hZF90eXB3oj1pYWxzZSw4dG9vbHR1cCoIo4osopF0dHJ1YnV0ZSoIo4osopVadGVuZF9jbGFzcyoIo4J9fSx7opZ1ZWxkoj24bW9kdWx3XimhbWU4LCJhbG3hcyoIonR4XilvZHVsZSosopxhYpVsoj24TW9kdWx3oEmhbWU4LCJpbgJtXidybgVwoj24o4w4cpVxdW3yZWQ4O4owo4w4dp33dyoIMCw4dH3wZSoIonR3eHQ4LCJhZGQ4O4o4LCJ3ZG30oj24o4w4ciVhcpN2oj2xLCJz6X13oj24cgBhbjEyo4w4ci9ydGx1cgQ4OjEsop9wdG3vb4oIeyJvcHRfdH3wZSoIo4osopxvbitlcF9xdWVyeSoIo4osopxvbitlcF90YWJsZSoIojA4LCJsbi9rdXBf6iVmoj24o4w4bG9v6gVwXgZhbHV3oj24o4w46XNfZGVwZWmkZWmjeSoIo4osopxvbitlcF9kZXB3bpR3bpNmXit3eSoIo4osonBhdGhfdG9fdXBsbiFkoj24o4w4dXBsbiFkXgRmcGU4O4o4LCJ0bi9sdG3woj24o4w4YXR0cp34dXR3oj24o4w4ZXh0ZWmkXiNsYXNzoj24onl9LHs4Zp33bGQ4O4JtbiRlbGVfdG30bGU4LCJhbG3hcyoIonR4XilvZHVsZSosopxhYpVsoj24TW9kdWx3oFR1dGx3o4w4Zp9ybV9ncp9lcCoIo4osonJ3cXV1cpVkoj24MSosonZ1ZXc4OjEsonRmcGU4O4J0ZXh0o4w4YWRkoj24o4w4ZWR1dCoIo4osonN3YXJj6CoIMSw4ci3IZSoIonNwYWaxM4osonNvcnRs6XN0oj2yLCJvcHR1bia4Ons4bgB0XgRmcGU4O4o4LCJsbi9rdXBfcXV3cnk4O4o4LCJsbi9rdXBfdGF4bGU4O4owo4w4bG9v6gVwXit3eSoIo4osopxvbitlcF9iYWxlZSoIo4osop3zXiR3cGVuZGVuYgk4O4o4LCJsbi9rdXBfZGVwZWmkZWmjeV9rZXk4O4o4LCJwYXR2XgRvXgVwbG9hZCoIo4osonVwbG9hZF90eXB3oj24o4w4dG9vbHR1cCoIo4osopF0dHJ1YnV0ZSoIo4osopVadGVuZF9jbGFzcyoIo4J9fSx7opZ1ZWxkoj24bW9kdWx3XimvdGU4LCJhbG3hcyoIonR4XilvZHVsZSosopxhYpVsoj24TW9kdWx3oEmvdGU4LCJpbgJtXidybgVwoj24o4w4cpVxdW3yZWQ4O4o4LCJi6WVgoj24MSosonRmcGU4O4J0ZXh0o4w4YWRkoj24MSosopVk6XQ4O4oxo4w4ciVhcpN2oj24MSosonN1epU4O4JzcGFuMTo4LCJzbgJ0bG3zdCoIMyw4bgB06W9uoj17op9wdF90eXB3oj24o4w4bG9v6gVwXgFlZXJmoj24o4w4bG9v6gVwXgRhYpx3oj24o4w4bG9v6gVwXit3eSoIo4osopxvbitlcF9iYWxlZSoIo4osop3zXiR3cGVuZGVuYgk4O4o4LCJsbi9rdXBfZGVwZWmkZWmjeV9rZXk4O4o4LCJwYXR2XgRvXgVwbG9hZCoIo4osonVwbG9hZF90eXB3oj24o4w4dG9vbHR1cCoIo4osopF0dHJ1YnV0ZSoIo4osopVadGVuZF9jbGFzcyoIo4J9fSx7opZ1ZWxkoj24bW9kdWx3XiFldGhvc4osopFs6WFzoj24dGJfbW9kdWx3o4w4bGF4ZWw4O4JNbiRlbGU5QXV06G9yo4w4Zp9ybV9ncp9lcCoIo4osonJ3cXV1cpVkoj24MCosonZ1ZXc4OjAsonRmcGU4O4J0ZXh0o4w4YWRkoj24o4w4ZWR1dCoIo4osonN3YXJj6CoIMSw4ci3IZSoIonNwYWaxM4osonNvcnRs6XN0oj20LCJvcHR1bia4Ons4bgB0XgRmcGU4O4o4LCJsbi9rdXBfcXV3cnk4O4o4LCJsbi9rdXBfdGF4bGU4O4owo4w4bG9v6gVwXit3eSoIo4osopxvbitlcF9iYWxlZSoIo4osop3zXiR3cGVuZGVuYgk4O4o4LCJsbi9rdXBfZGVwZWmkZWmjeV9rZXk4O4o4LCJwYXR2XgRvXgVwbG9hZCoIo4osonVwbG9hZF90eXB3oj24o4w4dG9vbHR1cCoIo4osopF0dHJ1YnV0ZSoIo4osopVadGVuZF9jbGFzcyoIo4J9fSx7opZ1ZWxkoj24bW9kdWx3XiNyZWF0ZWQ4LCJhbG3hcyoIonR4XilvZHVsZSosopxhYpVsoj24TW9kdWx3oENyZWF0ZWQ4LCJpbgJtXidybgVwoj24o4w4cpVxdW3yZWQ4O4owo4w4dp33dyoIMCw4dH3wZSoIonR3eHRfZGF0ZXR1bWU4LCJhZGQ4O4o4LCJ3ZG30oj24o4w4ciVhcpN2oj2xLCJz6X13oj24cgBhbjEyo4w4ci9ydGx1cgQ4OjUsop9wdG3vb4oIeyJvcHRfdH3wZSoIo4osopxvbitlcF9xdWVyeSoIo4osopxvbitlcF90YWJsZSoIojA4LCJsbi9rdXBf6iVmoj24o4w4bG9v6gVwXgZhbHV3oj24o4w46XNfZGVwZWmkZWmjeSoIo4osopxvbitlcF9kZXB3bpR3bpNmXit3eSoIo4osonBhdGhfdG9fdXBsbiFkoj24o4w4dXBsbiFkXgRmcGU4O4o4LCJ0bi9sdG3woj24o4w4YXR0cp34dXR3oj24o4w4ZXh0ZWmkXiNsYXNzoj24onl9LHs4Zp33bGQ4O4JtbiRlbGVfZGVzYyosopFs6WFzoj24dGJfbW9kdWx3o4w4bGF4ZWw4O4JNbiRlbGU5RGVzYyosopZvcplfZgJvdXA4O4o4LCJyZXFl6XJ3ZCoIojA4LCJi6WVgoj2wLCJ0eXB3oj24dGVadGFyZWE4LCJhZGQ4O4o4LCJ3ZG30oj24o4w4ciVhcpN2oj2xLCJz6X13oj24cgBhbjEyo4w4ci9ydGx1cgQ4OjYsop9wdG3vb4oIeyJvcHRfdH3wZSoIo4osopxvbitlcF9xdWVyeSoIo4osopxvbitlcF90YWJsZSoIojA4LCJsbi9rdXBf6iVmoj24o4w4bG9v6gVwXgZhbHV3oj24o4w46XNfZGVwZWmkZWmjeSoIo4osopxvbitlcF9kZXB3bpR3bpNmXit3eSoIo4osonBhdGhfdG9fdXBsbiFkoj24o4w4dXBsbiFkXgRmcGU4O4o4LCJ0bi9sdG3woj24o4w4YXR0cp34dXR3oj24o4w4ZXh0ZWmkXiNsYXNzoj24onl9LHs4Zp33bGQ4O4JtbiRlbGVfZGo4LCJhbG3hcyoIonR4XilvZHVsZSosopxhYpVsoj24TW9kdWx3oER4o4w4Zp9ybV9ncp9lcCoIo4osonJ3cXV1cpVkoj24MCosonZ1ZXc4OjAsonRmcGU4O4J0ZXh0o4w4YWRkoj24o4w4ZWR1dCoIo4osonN3YXJj6CoIMSw4ci3IZSoIonNwYWaxM4osonNvcnRs6XN0oj2gLCJvcHR1bia4Ons4bgB0XgRmcGU4O4o4LCJsbi9rdXBfcXV3cnk4O4o4LCJsbi9rdXBfdGF4bGU4O4owo4w4bG9v6gVwXit3eSoIo4osopxvbitlcF9iYWxlZSoIo4osop3zXiR3cGVuZGVuYgk4O4o4LCJsbi9rdXBfZGVwZWmkZWmjeV9rZXk4O4o4LCJwYXR2XgRvXgVwbG9hZCoIo4osonVwbG9hZF90eXB3oj24o4w4dG9vbHR1cCoIo4osopF0dHJ1YnV0ZSoIo4osopVadGVuZF9jbGFzcyoIo4J9fSx7opZ1ZWxkoj24bW9kdWx3XiR4Xit3eSosopFs6WFzoj24dGJfbW9kdWx3o4w4bGF4ZWw4O4JNbiRlbGU5RGo5SiVmo4w4Zp9ybV9ncp9lcCoIo4osonJ3cXV1cpVkoj24MCosonZ1ZXc4OjAsonRmcGU4O4J0ZXh0o4w4YWRkoj24o4w4ZWR1dCoIo4osonN3YXJj6CoIMSw4ci3IZSoIonNwYWaxM4osonNvcnRs6XN0oj2aLCJvcHR1bia4Ons4bgB0XgRmcGU4O4o4LCJsbi9rdXBfcXV3cnk4O4o4LCJsbi9rdXBfdGF4bGU4O4owo4w4bG9v6gVwXit3eSoIo4osopxvbitlcF9iYWxlZSoIo4osop3zXiR3cGVuZGVuYgk4O4o4LCJsbi9rdXBfZGVwZWmkZWmjeV9rZXk4O4o4LCJwYXR2XgRvXgVwbG9hZCoIo4osonVwbG9hZF90eXB3oj24o4w4dG9vbHR1cCoIo4osopF0dHJ1YnV0ZSoIo4osopVadGVuZF9jbGFzcyoIo4J9fSx7opZ1ZWxkoj24bW9kdWx3XgRmcGU4LCJhbG3hcyoIonR4XilvZHVsZSosopxhYpVsoj24TW9kdWx3oFRmcGU4LCJpbgJtXidybgVwoj24o4w4cpVxdW3yZWQ4O4owo4w4dp33dyoIMCw4dH3wZSoIonR3eHQ4LCJhZGQ4O4o4LCJ3ZG30oj24o4w4ciVhcpN2oj2xLCJz6X13oj24cgBhbjEyo4w4ci9ydGx1cgQ4Ojksop9wdG3vb4oIeyJvcHRfdH3wZSoIo4osopxvbitlcF9xdWVyeSoIo4osopxvbitlcF90YWJsZSoIojA4LCJsbi9rdXBf6iVmoj24o4w4bG9v6gVwXgZhbHV3oj24o4w46XNfZGVwZWmkZWmjeSoIo4osopxvbitlcF9kZXB3bpR3bpNmXit3eSoIo4osonBhdGhfdG9fdXBsbiFkoj24o4w4dXBsbiFkXgRmcGU4O4o4LCJ0bi9sdG3woj24o4w4YXR0cp34dXR3oj24o4w4ZXh0ZWmkXiNsYXNzoj24onl9LHs4Zp33bGQ4O4Jncp9lcF91ZCosopFs6WFzoj24dGJfbW9kdWx3o4w4bGF4ZWw4O4JNbiRlbGU5RgJvdXA4LCJpbgJtXidybgVwoj24o4w4cpVxdW3yZWQ4O4owo4w4dp33dyoIMSw4dH3wZSoIonN3bGVjdCosopFkZCoIo4osopVk6XQ4O4o4LCJzZWFyYi54OjEsonN1epU4O4JzcGFuMTo4LCJzbgJ0bG3zdCoIMTAsop9wdG3vb4oIeyJvcHRfdH3wZSoIopVadGVybpFso4w4bG9v6gVwXgFlZXJmoj24o4w4bG9v6gVwXgRhYpx3oj24dGJfbW9kdWx3XidybgVwcyosopxvbitlcF9rZXk4O4Jncp9lcF91ZCosopxvbitlcF9iYWxlZSoIopdybgVwXimhbWU4LCJ1cl9kZXB3bpR3bpNmoj24o4w4bG9v6gVwXiR3cGVuZGVuYg3f6iVmoj24o4w4cGF06F90bl9lcGxvYWQ4O4o4LCJlcGxvYWRfdH3wZSoIo4osonRvbix06XA4O4o4LCJhdHRy6WJldGU4O4o4LCJ3eHR3bpRfYixhcgM4O4o4fX0seyJp6WVsZCoIoplvZHVsZV9wYXR2o4w4YWx1YXM4O4J0Y39tbiRlbGU4LCJsYWJ3bCoIoklvZHVsZSBQYXR2o4w4Zp9ybV9ncp9lcCoIo4osonJ3cXV1cpVkoj24o4w4dp33dyoIojE4LCJ0eXB3oj24dGVadGFyZWE4LCJhZGQ4O4oxo4w4ZWR1dCoIojE4LCJzZWFyYi54O4oxo4w4ci3IZSoIonNwYWaxM4osonNvcnRs6XN0oj2xMSw4bgB06W9uoj17op9wdF90eXB3oj24o4w4bG9v6gVwXgFlZXJmoj24o4w4bG9v6gVwXgRhYpx3oj24o4w4bG9v6gVwXit3eSoIo4osopxvbitlcF9iYWxlZSoIo4osop3zXiR3cGVuZGVuYgk4O4o4LCJsbi9rdXBfZGVwZWmkZWmjeV9rZXk4O4o4LCJwYXR2XgRvXgVwbG9hZCoIo4osonVwbG9hZF90eXB3oj24o4w4dG9vbHR1cCoIo4osopF0dHJ1YnV0ZSoIo4osopVadGVuZF9jbGFzcyoIo4J9fV0sopdy6WQ4O3t7opZ1ZWxkoj24bW9kdWx3Xi3ko4w4YWx1YXM4O4J0Y39tbiRlbGU4LCJsYWJ3bCoIoklvZHVsZSBJZCosonZ1ZXc4OjAsopR3dGF1bCoIMSw4ci9ydGF4bGU4OjEsonN3YXJj6CoIMSw4ZG9gbpxvYWQ4OjAsopZybg13b4oIMSw4di3kdG54O4oxMDA4LCJhbG3nb4oIopx3ZnQ4LCJzbgJ0bG3zdCoIojE4LCJhdHRy6WJldGU4Ons46H3wZXJs6Wmroj17opFjdG3iZSoIMCw4bG3u6yoIo4osonRhcpd3dCoIo39zZWxpo4w46HRtbCoIo4J9LCJ1bWFnZSoIeyJhYgR1dpU4OjAsonBhdG54O4o4LCJz6X13Xg54O4o4LCJz6X13Xgk4O4o4LCJ2dGlsoj24onl9fSx7opZ1ZWxkoj24bW9kdWx3XgBhdG54LCJhbG3hcyoIonR4XilvZHVsZSosopxhYpVsoj24QXBwcyosonZ1ZXc4OjEsopR3dGF1bCoIMSw4ci9ydGF4bGU4OjEsonN3YXJj6CoIMSw4ZG9gbpxvYWQ4OjEsopZybg13b4oIMSw4di3kdG54O4oxMDA4LCJhbG3nb4oIopx3ZnQ4LCJzbgJ0bG3zdCoIojo4LCJhdHRy6WJldGU4Ons46H3wZXJs6Wmroj17opFjdG3iZSoIMCw4bG3u6yoIo4osonRhcpd3dCoIo39zZWxpo4w46HRtbCoIo4J9LCJ1bWFnZSoIeyJhYgR1dpU4OjAsonBhdG54O4o4LCJz6X13Xg54O4o4LCJz6X13Xgk4O4o4LCJ2dGlsoj24onl9fSx7opZ1ZWxkoj24bW9kdWx3XimhbWU4LCJhbG3hcyoIonR4XilvZHVsZSosopxhYpVsoj24Qi9udHJvbGx3c4osonZ1ZXc4OjEsopR3dGF1bCoIMSw4ci9ydGF4bGU4OjEsonN3YXJj6CoIMSw4ZG9gbpxvYWQ4OjEsopZybg13b4oIMSw4di3kdG54O4oxMDA4LCJhbG3nb4oIopx3ZnQ4LCJzbgJ0bG3zdCoIojM4LCJhdHRy6WJldGU4Ons46H3wZXJs6Wmroj17opFjdG3iZSoIMCw4bG3u6yoIo4osonRhcpd3dCoIo39zZWxpo4w46HRtbCoIo4J9LCJ1bWFnZSoIeyJhYgR1dpU4OjAsonBhdG54O4o4LCJz6X13Xg54O4o4LCJz6X13Xgk4O4o4LCJ2dGlsoj24onl9fSx7opZ1ZWxkoj24bW9kdWx3XgR1dGx3o4w4YWx1YXM4O4J0Y39tbiRlbGU4LCJsYWJ3bCoIoklvZHVsZSBOYWl3o4w4dp33dyoIMSw4ZGV0YW3soj2xLCJzbgJ0YWJsZSoIMSw4ciVhcpN2oj2xLCJkbgdubG9hZCoIMSw4ZnJvepVuoj2xLCJg6WR06CoIojEyMCosopFs6Wduoj24bGVpdCosonNvcnRs6XN0oj24NCosopF0dHJ1YnV0ZSoIeyJ2eXB3cpx1bps4Ons4YWN06XZ3oj2wLCJs6Wmroj24o4w4dGFyZiV0oj24XgN3bGY4LCJ2dGlsoj24on0sop3tYWd3oj17opFjdG3iZSoIMCw4cGF06CoIo4osonN1epVfeCoIo4osonN1epVfeSoIo4osoph0bWw4O4o4fXl9LHs4Zp33bGQ4O4JtbiRlbGVfbp90ZSosopFs6WFzoj24dGJfbW9kdWx3o4w4bGF4ZWw4O4JObgR3o4w4dp33dyoIMSw4ZGV0YW3soj2xLCJzbgJ0YWJsZSoIMSw4ciVhcpN2oj2xLCJkbgdubG9hZCoIMSw4ZnJvepVuoj2xLCJg6WR06CoIojElMCosopFs6Wduoj24bGVpdCosonNvcnRs6XN0oj24NSosopF0dHJ1YnV0ZSoIeyJ2eXB3cpx1bps4Ons4YWN06XZ3oj2wLCJs6Wmroj24o4w4dGFyZiV0oj24XgN3bGY4LCJ2dGlsoj24on0sop3tYWd3oj17opFjdG3iZSoIMCw4cGF06CoIo4osonN1epVfeCoIo4osonN1epVfeSoIo4osoph0bWw4O4o4fXl9LHs4Zp33bGQ4O4JtbiRlbGVfYXV06G9yo4w4YWx1YXM4O4J0Y39tbiRlbGU4LCJsYWJ3bCoIokFldGhvc4osonZ1ZXc4OjEsopR3dGF1bCoIMSw4ci9ydGF4bGU4OjEsonN3YXJj6CoIMSw4ZG9gbpxvYWQ4OjEsopZybg13b4oIMSw4di3kdG54O4oxMDA4LCJhbG3nb4oIopx3ZnQ4LCJzbgJ0bG3zdCoIojY4LCJhdHRy6WJldGU4Ons46H3wZXJs6Wmroj17opFjdG3iZSoIMCw4bG3u6yoIo4osonRhcpd3dCoIo39zZWxpo4w46HRtbCoIo4J9LCJ1bWFnZSoIeyJhYgR1dpU4OjAsonBhdG54O4o4LCJz6X13Xg54O4o4LCJz6X13Xgk4O4o4LCJ2dGlsoj24onl9fSx7opZ1ZWxkoj24bW9kdWx3XiNyZWF0ZWQ4LCJhbG3hcyoIonR4XilvZHVsZSosopxhYpVsoj24QgJ3YXR3ZCosonZ1ZXc4OjAsopR3dGF1bCoIMSw4ci9ydGF4bGU4OjEsonN3YXJj6CoIMSw4ZG9gbpxvYWQ4OjAsopZybg13b4oIMSw4di3kdG54O4oxMDA4LCJhbG3nb4oIopx3ZnQ4LCJzbgJ0bG3zdCoIojc4LCJhdHRy6WJldGU4Ons46H3wZXJs6Wmroj17opFjdG3iZSoIMCw4bG3u6yoIo4osonRhcpd3dCoIo39zZWxpo4w46HRtbCoIo4J9LCJ1bWFnZSoIeyJhYgR1dpU4OjAsonBhdG54O4o4LCJz6X13Xg54O4o4LCJz6X13Xgk4O4o4LCJ2dGlsoj24onl9fSx7opZ1ZWxkoj24bW9kdWx3XiR3ciM4LCJhbG3hcyoIonR4XilvZHVsZSosopxhYpVsoj24TW9kdWx3oER3ciM4LCJi6WVgoj2wLCJkZXRh6Ww4OjEsonNvcnRhYpx3oj2xLCJzZWFyYi54OjEsopRvdimsbiFkoj2xLCJpcp9IZWa4OjEsond1ZHR2oj24MTAwo4w4YWx1Zia4O4JsZWZ0o4w4ci9ydGx1cgQ4O4oao4w4YXR0cp34dXR3oj17ophmcGVybG3u6yoIeyJhYgR1dpU4OjAsopx1bps4O4o4LCJ0YXJnZXQ4O4JfciVsZ4osoph0bWw4O4o4fSw46WlhZiU4Ons4YWN06XZ3oj2wLCJwYXR2oj24o4w4ci3IZV9aoj24o4w4ci3IZV9moj24o4w46HRtbCoIo4J9fX0seyJp6WVsZCoIoplvZHVsZV9kY4osopFs6WFzoj24dGJfbW9kdWx3o4w4bGF4ZWw4O4JNbiRlbGU5RGo4LCJi6WVgoj2wLCJkZXRh6Ww4OjEsonNvcnRhYpx3oj2xLCJzZWFyYi54OjEsopRvdimsbiFkoj2xLCJpcp9IZWa4OjEsond1ZHR2oj24MTAwo4w4YWx1Zia4O4JsZWZ0o4w4ci9ydGx1cgQ4O4omo4w4YXR0cp34dXR3oj17ophmcGVybG3u6yoIeyJhYgR1dpU4OjAsopx1bps4O4o4LCJ0YXJnZXQ4O4JfciVsZ4osoph0bWw4O4o4fSw46WlhZiU4Ons4YWN06XZ3oj2wLCJwYXR2oj24o4w4ci3IZV9aoj24o4w4ci3IZV9moj24o4w46HRtbCoIo4J9fX0seyJp6WVsZCoIoplvZHVsZV9kY39rZXk4LCJhbG3hcyoIonR4XilvZHVsZSosopxhYpVsoj24TW9kdWx3oER4oEt3eSosonZ1ZXc4OjAsopR3dGF1bCoIMSw4ci9ydGF4bGU4OjEsonN3YXJj6CoIMSw4ZG9gbpxvYWQ4OjEsopZybg13b4oIMSw4di3kdG54O4oxMDA4LCJhbG3nb4oIopx3ZnQ4LCJzbgJ0bG3zdCoIojEwo4w4YXR0cp34dXR3oj17ophmcGVybG3u6yoIeyJhYgR1dpU4OjAsopx1bps4O4o4LCJ0YXJnZXQ4O4JfciVsZ4osoph0bWw4O4o4fSw46WlhZiU4Ons4YWN06XZ3oj2wLCJwYXR2oj24o4w4ci3IZV9aoj24o4w4ci3IZV9moj24o4w46HRtbCoIo4J9fX0seyJp6WVsZCoIoplvZHVsZV90eXB3o4w4YWx1YXM4O4J0Y39tbiRlbGU4LCJsYWJ3bCoIo3RmcGU4LCJi6WVgoj2xLCJkZXRh6Ww4OjEsonNvcnRhYpx3oj2xLCJzZWFyYi54OjEsopRvdimsbiFkoj2xLCJpcp9IZWa4OjEsond1ZHR2oj24MTAwo4w4YWx1Zia4O4JsZWZ0o4w4ci9ydGx1cgQ4O4oxMSosopF0dHJ1YnV0ZSoIeyJ2eXB3cpx1bps4Ons4YWN06XZ3oj2wLCJs6Wmroj24o4w4dGFyZiV0oj24XgN3bGY4LCJ2dGlsoj24on0sop3tYWd3oj17opFjdG3iZSoIMCw4cGF06CoIo4osonN1epVfeCoIo4osonN1epVfeSoIo4osoph0bWw4O4o4fXl9LHs4Zp33bGQ4O4Jncp9lcF91ZCosopFs6WFzoj24dGJfbW9kdWx3o4w4bGF4ZWw4O4JHcp9lcCBJZCosonZ1ZXc4OjAsopR3dGF1bCoIMSw4ci9ydGF4bGU4OjEsonN3YXJj6CoIMSw4ZG9gbpxvYWQ4OjAsopZybg13b4oIMSw4di3kdG54O4oxMDA4LCJhbG3nb4oIopx3ZnQ4LCJzbgJ0bG3zdCoIojEyo4w4YXR0cp34dXR3oj17ophmcGVybG3u6yoIeyJhYgR1dpU4OjAsopx1bps4O4o4LCJ0YXJnZXQ4O4JfciVsZ4osoph0bWw4O4o4fSw46WlhZiU4Ons4YWN06XZ3oj2wLCJwYXR2oj24o4w4ci3IZV9aoj24o4w4ci3IZV9moj24o4w46HRtbCoIo4J9fXldfQ==', null);
INSERT INTO `tb_module` VALUES ('7', 'menu', 'Menu Management', 'Manage All Menu', 'Mango Tm', '2014-01-06 09:50:29', null, 'tb_menu', 'menu_id', 'core', 'eyJ0YWJsZV9kY4oIonR4Xil3bnU4LCJwcp3tYXJmXit3eSoIopl3bnVf6WQ4LCJzcWxfciVsZWN0oj24U0VMRUNUoHR4Xil3bnUuK4A5R3JPTSB0Y39tZWmloCosonNxbF9g6GVyZSoIo4BXSEVSRSB0Y39tZWmlLpl3bnVf6WQ5SVM5Tk9UoEmVTEw4LCJzcWxfZgJvdXA4O4o4LCJncp3koj1beyJp6WVsZCoIopl3bnVf6WQ4LCJhbG3hcyoIonR4Xil3bnU4LCJsYWJ3bCoIokl3bnU5SWQ4LCJi6WVgoj24MCosopR3dGF1bCoIojA4LCJzbgJ0YWJsZSoIojE4LCJzZWFyYi54O4oxo4w4ZG9gbpxvYWQ4O4oxo4w4ZnJvepVuoj24MCosoph1ZGR3b4oIojA4LCJhbG3nb4oIopx3ZnQ4LCJg6WR06CoIojEwMCosonNvcnRs6XN0oj24MCosopF0dHJ1YnV0ZSoIeyJ2eXB3cpx1bps4Ons4YWN06XZ3oj1pYWxzZSw4bG3u6yoIo4osonRhcpd3dCoIo4osoph0bWw4O4o4fSw46WlhZiU4Ons4YWN06XZ3oj1pYWxzZSw4cGF06CoIo4osonN1epVfeCoIo4osonN1epVfeSoIo4osoph0bWw4O4o4fX0sonRmcGU4O4J0ZXh0on0seyJp6WVsZCoIonBhcpVudF91ZCosopFs6WFzoj24dGJfbWVudSosopxhYpVsoj24UGFyZWm0oE3ko4w4dp33dyoIojE4LCJkZXRh6Ww4O4oxo4w4ci9ydGF4bGU4O4oxo4w4ciVhcpN2oj24MSosopRvdimsbiFkoj24MSosopZybg13b4oIojA4LCJ26WRkZWa4O4oxo4w4YWx1Zia4O4JsZWZ0o4w4di3kdG54O4oxMDA4LCJzbgJ0bG3zdCoIojE4LCJhdHRy6WJldGU4Ons46H3wZXJs6Wmroj17opFjdG3iZSoIZpFsciUsopx1bps4O4o4LCJ0YXJnZXQ4O4o4LCJ2dGlsoj24on0sop3tYWd3oj17opFjdG3iZSoIZpFsciUsonBhdG54O4o4LCJz6X13Xg54O4o4LCJz6X13Xgk4O4o4LCJ2dGlsoj24onl9LCJ0eXB3oj24dGVadCJ9LHs4Zp33bGQ4O4JtbiRlbGU4LCJhbG3hcyoIonR4Xil3bnU4LCJsYWJ3bCoIoklvZHVsZSosonZ1ZXc4O4oxo4w4ZGV0YW3soj24MSosonNvcnRhYpx3oj24MSosonN3YXJj6CoIojE4LCJkbgdubG9hZCoIojE4LCJpcp9IZWa4O4owo4w46G3kZGVuoj24MCosopFs6Wduoj24bGVpdCosond1ZHR2oj24MTUwo4w4ci9ydGx1cgQ4O4ozo4w4YXR0cp34dXR3oj17ophmcGVybG3u6yoIeyJhYgR1dpU4OpZhbHN3LCJs6Wmroj24o4w4dGFyZiV0oj24o4w46HRtbCoIo4J9LCJ1bWFnZSoIeyJhYgR1dpU4OpZhbHN3LCJwYXR2oj24o4w4ci3IZV9aoj24o4w4ci3IZV9moj24o4w46HRtbCoIo4J9fSw4dH3wZSoIonR3eHQ4fSx7opZ1ZWxkoj24dXJso4w4YWx1YXM4O4J0Y39tZWmlo4w4bGF4ZWw4O4JVcpw4LCJi6WVgoj24MCosopR3dGF1bCoIojA4LCJzbgJ0YWJsZSoIojE4LCJzZWFyYi54O4oxo4w4ZG9gbpxvYWQ4O4oxo4w4ZnJvepVuoj24MCosoph1ZGR3b4oIojA4LCJhbG3nb4oIopx3ZnQ4LCJg6WR06CoIojEwMCosonNvcnRs6XN0oj24MyosopF0dHJ1YnV0ZSoIeyJ2eXB3cpx1bps4Ons4YWN06XZ3oj1pYWxzZSw4bG3u6yoIo4osonRhcpd3dCoIo4osoph0bWw4O4o4fSw46WlhZiU4Ons4YWN06XZ3oj1pYWxzZSw4cGF06CoIo4osonN1epVfeCoIo4osonN1epVfeSoIo4osoph0bWw4O4o4fX0sonRmcGU4O4J0ZXh0on0seyJp6WVsZCoIopl3bnVfbpFtZSosopFs6WFzoj24dGJfbWVudSosopxhYpVsoj24TWVudSBOYWl3o4w4dp33dyoIojE4LCJkZXRh6Ww4O4oxo4w4ci9ydGF4bGU4O4oxo4w4ciVhcpN2oj24MSosopRvdimsbiFkoj24MSosopZybg13b4oIojA4LCJ26WRkZWa4O4owo4w4YWx1Zia4O4JsZWZ0o4w4di3kdG54O4ozMDA4LCJzbgJ0bG3zdCoIojo4LCJhdHRy6WJldGU4Ons46H3wZXJs6Wmroj17opFjdG3iZSoIZpFsciUsopx1bps4O4o4LCJ0YXJnZXQ4O4o4LCJ2dGlsoj24on0sop3tYWd3oj17opFjdG3iZSoIZpFsciUsonBhdG54O4o4LCJz6X13Xg54O4o4LCJz6X13Xgk4O4o4LCJ2dGlsoj24onl9LCJ0eXB3oj24dGVadCJ9LHs4Zp33bGQ4O4JtZWmlXgRmcGU4LCJhbG3hcyoIonR4Xil3bnU4LCJsYWJ3bCoIokl3bnU5VH3wZSosonZ1ZXc4O4owo4w4ZGV0YW3soj24MCosonNvcnRhYpx3oj24MSosonN3YXJj6CoIojE4LCJkbgdubG9hZCoIojE4LCJpcp9IZWa4O4owo4w46G3kZGVuoj24MCosopFs6Wduoj24bGVpdCosond1ZHR2oj24MTAwo4w4ci9ydGx1cgQ4O4olo4w4YXR0cp34dXR3oj17ophmcGVybG3u6yoIeyJhYgR1dpU4OpZhbHN3LCJs6Wmroj24o4w4dGFyZiV0oj24o4w46HRtbCoIo4J9LCJ1bWFnZSoIeyJhYgR1dpU4OpZhbHN3LCJwYXR2oj24o4w4ci3IZV9aoj24o4w4ci3IZV9moj24o4w46HRtbCoIo4J9fSw4dH3wZSoIonR3eHQ4fSx7opZ1ZWxkoj24cp9sZV91ZCosopFs6WFzoj24dGJfbWVudSosopxhYpVsoj24Up9sZSBJZCosonZ1ZXc4O4owo4w4ZGV0YW3soj24MSosonNvcnRhYpx3oj24MSosonN3YXJj6CoIojE4LCJkbgdubG9hZCoIojE4LCJpcp9IZWa4O4owo4w46G3kZGVuoj24MCosopFs6Wduoj24bGVpdCosond1ZHR2oj24MTAwo4w4ci9ydGx1cgQ4O4oio4w4YXR0cp34dXR3oj17ophmcGVybG3u6yoIeyJhYgR1dpU4OpZhbHN3LCJs6Wmroj24o4w4dGFyZiV0oj24o4w46HRtbCoIo4J9LCJ1bWFnZSoIeyJhYgR1dpU4OpZhbHN3LCJwYXR2oj24o4w4ci3IZV9aoj24o4w4ci3IZV9moj24o4w46HRtbCoIo4J9fSw4dH3wZSoIonR3eHQ4fSx7opZ1ZWxkoj24ZGV3cCosopFs6WFzoj24dGJfbWVudSosopxhYpVsoj24RGV3cCosonZ1ZXc4O4owo4w4ZGV0YW3soj24MSosonNvcnRhYpx3oj24MSosonN3YXJj6CoIojE4LCJkbgdubG9hZCoIojE4LCJpcp9IZWa4O4owo4w46G3kZGVuoj24MCosopFs6Wduoj24bGVpdCosond1ZHR2oj24MTAwo4w4ci9ydGx1cgQ4O4ogo4w4YXR0cp34dXR3oj17ophmcGVybG3u6yoIeyJhYgR1dpU4OpZhbHN3LCJs6Wmroj24o4w4dGFyZiV0oj24o4w46HRtbCoIo4J9LCJ1bWFnZSoIeyJhYgR1dpU4OpZhbHN3LCJwYXR2oj24o4w4ci3IZV9aoj24o4w4ci3IZV9moj24o4w46HRtbCoIo4J9fSw4dH3wZSoIonR3eHQ4fSx7opZ1ZWxkoj24bgJkZXJ1bpc4LCJhbG3hcyoIonR4Xil3bnU4LCJsYWJ3bCoIok9yZCosonZ1ZXc4O4oxo4w4ZGV0YW3soj24MSosonNvcnRhYpx3oj24MSosonN3YXJj6CoIojE4LCJkbgdubG9hZCoIojE4LCJpcp9IZWa4O4owo4w46G3kZGVuoj24MCosopFs6Wduoj24bGVpdCosond1ZHR2oj24NTA4LCJzbgJ0bG3zdCoIoj54LCJhdHRy6WJldGU4Ons46H3wZXJs6Wmroj17opFjdG3iZSoIZpFsciUsopx1bps4O4o4LCJ0YXJnZXQ4O4o4LCJ2dGlsoj24on0sop3tYWd3oj17opFjdG3iZSoIZpFsciUsonBhdG54O4o4LCJz6X13Xg54O4o4LCJz6X13Xgk4O4o4LCJ2dGlsoj24onl9LCJ0eXB3oj24dGVadCJ9LHs4Zp33bGQ4O4JwbgN1dG3vb4osopFs6WFzoj24dGJfbWVudSosopxhYpVsoj24UG9z6XR1bia4LCJi6WVgoj24MCosopR3dGF1bCoIojA4LCJzbgJ0YWJsZSoIojE4LCJzZWFyYi54O4oxo4w4ZG9gbpxvYWQ4O4oxo4w4ZnJvepVuoj24MCosoph1ZGR3b4oIojA4LCJhbG3nb4oIopx3ZnQ4LCJg6WR06CoIojEwMCosonNvcnRs6XN0oj24OSosopF0dHJ1YnV0ZSoIeyJ2eXB3cpx1bps4Ons4YWN06XZ3oj1pYWxzZSw4bG3u6yoIo4osonRhcpd3dCoIo4osoph0bWw4O4o4fSw46WlhZiU4Ons4YWN06XZ3oj1pYWxzZSw4cGF06CoIo4osonN1epVfeCoIo4osonN1epVfeSoIo4osoph0bWw4O4o4fX0sonRmcGU4O4J0ZXh0on0seyJp6WVsZCoIopl3bnVf6WNvbnM4LCJhbG3hcyoIonR4Xil3bnU4LCJsYWJ3bCoIo4BJYi9uo4w4dp33dyoIojE4LCJkZXRh6Ww4O4oxo4w4ci9ydGF4bGU4O4oxo4w4ciVhcpN2oj24MSosopRvdimsbiFkoj24MSosopZybg13b4oIojA4LCJ26WRkZWa4O4owo4w4YWx1Zia4O4JsZWZ0o4w4di3kdG54O4olMCosonNvcnRs6XN0oj24MTA4LCJhdHRy6WJldGU4Ons46H3wZXJs6Wmroj17opFjdG3iZSoIZpFsciUsopx1bps4O4o4LCJ0YXJnZXQ4O4o4LCJ2dGlsoj24on0sop3tYWd3oj17opFjdG3iZSoIZpFsciUsonBhdG54O4o4LCJz6X13Xg54O4o4LCJz6X13Xgk4O4o4LCJ2dGlsoj24onl9LCJ0eXB3oj24dGVadCJ9LHs4Zp33bGQ4O4JhYgR1dpU4LCJhbG3hcyoIonR4Xil3bnU4LCJsYWJ3bCoIokFjdG3iZSosonZ1ZXc4O4oxo4w4ZGV0YW3soj24MSosonNvcnRhYpx3oj24MSosonN3YXJj6CoIojE4LCJkbgdubG9hZCoIojE4LCJpcp9IZWa4O4owo4w46G3kZGVuoj24MCosond1ZHR2oj24NTA4LCJhbG3nb4oIopN3bnR3c4osonNvcnRs6XN0oj24NyosopF0dHJ1YnV0ZSoIeyJ2eXB3cpx1bps4Ons4YWN06XZ3oj1pYWxzZSw4bG3u6yoIo4osonRhcpd3dCoIo4osoph0bWw4O4o4fSw46WlhZiU4Ons4YWN06XZ3oj1pYWxzZSw4cGF06CoIo4osonN1epVfeCoIo4osonN1epVfeSoIo4osoph0bWw4O4o4fX0sonRmcGU4O4J0ZXh0onldLCJpbgJtcyoIWgs4Zp33bGQ4O4JtZWmlXi3ko4w4YWx1YXM4O4J0Y39tZWmlo4w4bGF4ZWw4O4JNZWmloE3ko4w4cpVxdW3yZWQ4O4owo4w4dp33dyoIojE4LCJ0eXB3oj24dGVadCosopFkZCoIojE4LCJ3ZG30oj24MSosonN3YXJj6CoIojE4LCJz6X13oj24cgBhbjEyo4w4ci9ydGx1cgQ4OjAsopZvcplfZgJvdXA4O4o4LCJvcHR1bia4Ons4bgB0XgRmcGU4O4o4LCJsbi9rdXBfcXV3cnk4O4o4LCJsbi9rdXBfdGF4bGU4O4o4LCJsbi9rdXBf6iVmoj24o4w4bG9v6gVwXgZhbHV3oj24o4w46XNfZGVwZWmkZWmjeSoIo4osopxvbitlcF9kZXB3bpR3bpNmXit3eSoIo4osonBhdGhfdG9fdXBsbiFkoj24o4w4dXBsbiFkXgRmcGU4O4o4LCJ0bi9sdG3woj24o4w4YXR0cp34dXR3oj24o4w4ZXh0ZWmkXiNsYXNzoj24onl9LHs4Zp33bGQ4O4JwYXJ3bnRf6WQ4LCJhbG3hcyoIonR4Xil3bnU4LCJsYWJ3bCoIo3BhcpVudCBJZCosonJ3cXV1cpVkoj24MCosonZ1ZXc4O4oxo4w4dH3wZSoIonR3eHQ4LCJhZGQ4O4oxo4w4ZWR1dCoIojE4LCJzZWFyYi54O4oxo4w4ci3IZSoIonNwYWaxM4osonNvcnRs6XN0oj2xLCJpbgJtXidybgVwoj24o4w4bgB06W9uoj17op9wdF90eXB3oj24o4w4bG9v6gVwXgFlZXJmoj24o4w4bG9v6gVwXgRhYpx3oj24o4w4bG9v6gVwXit3eSoIo4osopxvbitlcF9iYWxlZSoIo4osop3zXiR3cGVuZGVuYgk4O4o4LCJsbi9rdXBfZGVwZWmkZWmjeV9rZXk4O4o4LCJwYXR2XgRvXgVwbG9hZCoIo4osonVwbG9hZF90eXB3oj24o4w4dG9vbHR1cCoIo4osopF0dHJ1YnV0ZSoIo4osopVadGVuZF9jbGFzcyoIo4J9fSx7opZ1ZWxkoj24bW9kdWx3o4w4YWx1YXM4O4J0Y39tZWmlo4w4bGF4ZWw4O4JNbiRlbGU4LCJyZXFl6XJ3ZCoIojA4LCJi6WVgoj24MSosonRmcGU4O4J0ZXh0o4w4YWRkoj24MSosopVk6XQ4O4oxo4w4ciVhcpN2oj24MSosonN1epU4O4JzcGFuMTo4LCJzbgJ0bG3zdCoIM4w4Zp9ybV9ncp9lcCoIo4osop9wdG3vb4oIeyJvcHRfdH3wZSoIo4osopxvbitlcF9xdWVyeSoIo4osopxvbitlcF90YWJsZSoIo4osopxvbitlcF9rZXk4O4o4LCJsbi9rdXBfdpFsdWU4O4o4LCJ1cl9kZXB3bpR3bpNmoj24o4w4bG9v6gVwXiR3cGVuZGVuYg3f6iVmoj24o4w4cGF06F90bl9lcGxvYWQ4O4o4LCJlcGxvYWRfdH3wZSoIo4osonRvbix06XA4O4o4LCJhdHRy6WJldGU4O4o4LCJ3eHR3bpRfYixhcgM4O4o4fX0seyJp6WVsZCoIonVybCosopFs6WFzoj24dGJfbWVudSosopxhYpVsoj24VXJso4w4cpVxdW3yZWQ4O4owo4w4dp33dyoIojE4LCJ0eXB3oj24dGVadCosopFkZCoIojE4LCJ3ZG30oj24MSosonN3YXJj6CoIojE4LCJz6X13oj24cgBhbjEyo4w4ci9ydGx1cgQ4OjMsopZvcplfZgJvdXA4O4o4LCJvcHR1bia4Ons4bgB0XgRmcGU4O4o4LCJsbi9rdXBfcXV3cnk4O4o4LCJsbi9rdXBfdGF4bGU4O4o4LCJsbi9rdXBf6iVmoj24o4w4bG9v6gVwXgZhbHV3oj24o4w46XNfZGVwZWmkZWmjeSoIo4osopxvbitlcF9kZXB3bpR3bpNmXit3eSoIo4osonBhdGhfdG9fdXBsbiFkoj24o4w4dXBsbiFkXgRmcGU4O4o4LCJ0bi9sdG3woj24o4w4YXR0cp34dXR3oj24o4w4ZXh0ZWmkXiNsYXNzoj24onl9LHs4Zp33bGQ4O4JtZWmlXimhbWU4LCJhbG3hcyoIonR4Xil3bnU4LCJsYWJ3bCoIokl3bnU5TpFtZSosonJ3cXV1cpVkoj24MCosonZ1ZXc4O4oxo4w4dH3wZSoIonR3eHQ4LCJhZGQ4O4oxo4w4ZWR1dCoIojE4LCJzZWFyYi54O4oxo4w4ci3IZSoIonNwYWaxM4osonNvcnRs6XN0oj20LCJpbgJtXidybgVwoj24o4w4bgB06W9uoj17op9wdF90eXB3oj24o4w4bG9v6gVwXgFlZXJmoj24o4w4bG9v6gVwXgRhYpx3oj24o4w4bG9v6gVwXit3eSoIo4osopxvbitlcF9iYWxlZSoIo4osop3zXiR3cGVuZGVuYgk4O4o4LCJsbi9rdXBfZGVwZWmkZWmjeV9rZXk4O4o4LCJwYXR2XgRvXgVwbG9hZCoIo4osonVwbG9hZF90eXB3oj24o4w4dG9vbHR1cCoIo4osopF0dHJ1YnV0ZSoIo4osopVadGVuZF9jbGFzcyoIo4J9fSx7opZ1ZWxkoj24bWVudV90eXB3o4w4YWx1YXM4O4J0Y39tZWmlo4w4bGF4ZWw4O4JNZWmloFRmcGU4LCJyZXFl6XJ3ZCoIojA4LCJi6WVgoj24MSosonRmcGU4O4J0ZXh0o4w4YWRkoj24MSosopVk6XQ4O4oxo4w4ciVhcpN2oj24MSosonN1epU4O4JzcGFuMTo4LCJzbgJ0bG3zdCoINSw4Zp9ybV9ncp9lcCoIo4osop9wdG3vb4oIeyJvcHRfdH3wZSoIo4osopxvbitlcF9xdWVyeSoIo4osopxvbitlcF90YWJsZSoIo4osopxvbitlcF9rZXk4O4o4LCJsbi9rdXBfdpFsdWU4O4o4LCJ1cl9kZXB3bpR3bpNmoj24o4w4bG9v6gVwXiR3cGVuZGVuYg3f6iVmoj24o4w4cGF06F90bl9lcGxvYWQ4O4o4LCJlcGxvYWRfdH3wZSoIo4osonRvbix06XA4O4o4LCJhdHRy6WJldGU4O4o4LCJ3eHR3bpRfYixhcgM4O4o4fX0seyJp6WVsZCoIonJvbGVf6WQ4LCJhbG3hcyoIonR4Xil3bnU4LCJsYWJ3bCoIo3JvbGU5SWQ4LCJyZXFl6XJ3ZCoIojA4LCJi6WVgoj24MSosonRmcGU4O4J0ZXh0o4w4YWRkoj24MSosopVk6XQ4O4oxo4w4ciVhcpN2oj24MSosonN1epU4O4JzcGFuMTo4LCJzbgJ0bG3zdCoIN4w4Zp9ybV9ncp9lcCoIo4osop9wdG3vb4oIeyJvcHRfdH3wZSoIo4osopxvbitlcF9xdWVyeSoIo4osopxvbitlcF90YWJsZSoIo4osopxvbitlcF9rZXk4O4o4LCJsbi9rdXBfdpFsdWU4O4o4LCJ1cl9kZXB3bpR3bpNmoj24o4w4bG9v6gVwXiR3cGVuZGVuYg3f6iVmoj24o4w4cGF06F90bl9lcGxvYWQ4O4o4LCJlcGxvYWRfdH3wZSoIo4osonRvbix06XA4O4o4LCJhdHRy6WJldGU4O4o4LCJ3eHR3bpRfYixhcgM4O4o4fX0seyJp6WVsZCoIopR3ZXA4LCJhbG3hcyoIonR4Xil3bnU4LCJsYWJ3bCoIokR3ZXA4LCJyZXFl6XJ3ZCoIojA4LCJi6WVgoj24MSosonRmcGU4O4J0ZXh0o4w4YWRkoj24MSosopVk6XQ4O4oxo4w4ciVhcpN2oj24MSosonN1epU4O4JzcGFuMTo4LCJzbgJ0bG3zdCoINyw4Zp9ybV9ncp9lcCoIo4osop9wdG3vb4oIeyJvcHRfdH3wZSoIo4osopxvbitlcF9xdWVyeSoIo4osopxvbitlcF90YWJsZSoIo4osopxvbitlcF9rZXk4O4o4LCJsbi9rdXBfdpFsdWU4O4o4LCJ1cl9kZXB3bpR3bpNmoj24o4w4bG9v6gVwXiR3cGVuZGVuYg3f6iVmoj24o4w4cGF06F90bl9lcGxvYWQ4O4o4LCJlcGxvYWRfdH3wZSoIo4osonRvbix06XA4O4o4LCJhdHRy6WJldGU4O4o4LCJ3eHR3bpRfYixhcgM4O4o4fX0seyJp6WVsZCoIop9yZGVy6Wmno4w4YWx1YXM4O4J0Y39tZWmlo4w4bGF4ZWw4O4JPcpR3cp3uZyosonJ3cXV1cpVkoj24MCosonZ1ZXc4O4oxo4w4dH3wZSoIonR3eHQ4LCJhZGQ4O4oxo4w4ZWR1dCoIojE4LCJzZWFyYi54O4oxo4w4ci3IZSoIonNwYWaxM4osonNvcnRs6XN0oj2aLCJpbgJtXidybgVwoj24o4w4bgB06W9uoj17op9wdF90eXB3oj24o4w4bG9v6gVwXgFlZXJmoj24o4w4bG9v6gVwXgRhYpx3oj24o4w4bG9v6gVwXit3eSoIo4osopxvbitlcF9iYWxlZSoIo4osop3zXiR3cGVuZGVuYgk4O4o4LCJsbi9rdXBfZGVwZWmkZWmjeV9rZXk4O4o4LCJwYXR2XgRvXgVwbG9hZCoIo4osonVwbG9hZF90eXB3oj24o4w4dG9vbHR1cCoIo4osopF0dHJ1YnV0ZSoIo4osopVadGVuZF9jbGFzcyoIo4J9fSx7opZ1ZWxkoj24cG9z6XR1bia4LCJhbG3hcyoIonR4Xil3bnU4LCJsYWJ3bCoIo3Bvci306W9uo4w4cpVxdW3yZWQ4O4owo4w4dp33dyoIojE4LCJ0eXB3oj24dGVadCosopFkZCoIojE4LCJ3ZG30oj24MSosonN3YXJj6CoIojE4LCJz6X13oj24cgBhbjEyo4w4ci9ydGx1cgQ4OjksopZvcplfZgJvdXA4O4o4LCJvcHR1bia4Ons4bgB0XgRmcGU4O4o4LCJsbi9rdXBfcXV3cnk4O4o4LCJsbi9rdXBfdGF4bGU4O4o4LCJsbi9rdXBf6iVmoj24o4w4bG9v6gVwXgZhbHV3oj24o4w46XNfZGVwZWmkZWmjeSoIo4osopxvbitlcF9kZXB3bpR3bpNmXit3eSoIo4osonBhdGhfdG9fdXBsbiFkoj24o4w4dXBsbiFkXgRmcGU4O4o4LCJ0bi9sdG3woj24o4w4YXR0cp34dXR3oj24o4w4ZXh0ZWmkXiNsYXNzoj24onl9LHs4Zp33bGQ4O4JtZWmlXi3jbimzo4w4YWx1YXM4O4J0Y39tZWmlo4w4bGF4ZWw4O4JNZWmloE3jbimzo4w4cpVxdW3yZWQ4O4owo4w4dp33dyoIojE4LCJ0eXB3oj24dGVadCosopFkZCoIojE4LCJ3ZG30oj24MSosonN3YXJj6CoIojE4LCJz6X13oj24cgBhbjEyo4w4ci9ydGx1cgQ4OjEwLCJpbgJtXidybgVwoj24o4w4bgB06W9uoj17op9wdF90eXB3oj24o4w4bG9v6gVwXgFlZXJmoj24o4w4bG9v6gVwXgRhYpx3oj24o4w4bG9v6gVwXit3eSoIo4osopxvbitlcF9iYWxlZSoIo4osop3zXiR3cGVuZGVuYgk4O4o4LCJsbi9rdXBfZGVwZWmkZWmjeV9rZXk4O4o4LCJwYXR2XgRvXgVwbG9hZCoIo4osonVwbG9hZF90eXB3oj24o4w4dG9vbHR1cCoIo4osopF0dHJ1YnV0ZSoIo4osopVadGVuZF9jbGFzcyoIo4J9fSx7opZ1ZWxkoj24YWN06XZ3o4w4YWx1YXM4O4J0Y39tZWmlo4w4bGF4ZWw4O4JBYgR1dpU4LCJyZXFl6XJ3ZCoIojA4LCJi6WVgoj24MSosonRmcGU4O4J0ZXh0o4w4YWRkoj24MSosopVk6XQ4O4oxo4w4ciVhcpN2oj24MSosonN1epU4O4JzcGFuMTo4LCJzbgJ0bG3zdCoIMTEsopZvcplfZgJvdXA4O4o4LCJvcHR1bia4Ons4bgB0XgRmcGU4O4o4LCJsbi9rdXBfcXV3cnk4O4o4LCJsbi9rdXBfdGF4bGU4O4o4LCJsbi9rdXBf6iVmoj24o4w4bG9v6gVwXgZhbHV3oj24o4w46XNfZGVwZWmkZWmjeSoIo4osopxvbitlcF9kZXB3bpR3bpNmXit3eSoIo4osonBhdGhfdG9fdXBsbiFkoj24o4w4dXBsbiFkXgRmcGU4O4o4LCJ0bi9sdG3woj24o4w4YXR0cp34dXR3oj24o4w4ZXh0ZWmkXiNsYXNzoj24onl9XX0=', null);
INSERT INTO `tb_module` VALUES ('8', 'pages', 'Pages CMS Management', 'View all static pages', 'Mango Tm', '2014-03-26 00:33:41', null, 'tb_pages', 'pageID', 'core', 'eyJ0YWJsZV9kY4oIonR4XgBhZiVzo4w4cHJ1bWFyeV9rZXk4O4JwYWd3SUQ4LCJzcWxfciVsZWN0oj24oFNFTEVDVCB0Y39wYWd3cyaqoEZST005dGJfcGFnZXM5o4w4cgFsXgd2ZXJ3oj24oFdoRVJFoHR4XgBhZiVzLnBhZiVJRCBJUyBOTlQ5T3VMTCosonNxbF9ncp9lcCoIo4osopdy6WQ4O3t7opZ1ZWxkoj24cGFnZU3Eo4w4YWx1YXM4O4J0Y39wYWd3cyosopxhbpdlYWd3oj17op3uoj24on0sopxhYpVsoj24UGFnZU3Eo4w4dp33dyoIMCw4ZGV0YW3soj2wLCJzbgJ0YWJsZSoIMCw4ciVhcpN2oj2xLCJkbgdubG9hZCoIMCw4ZnJvepVuoj2xLCJg6WR06CoIojEwMCosopFs6Wduoj24bGVpdCosonNvcnRs6XN0oj24MSosopNvbpa4Ons4dpFs6WQ4O4o4LCJkY4oIo4osopt3eSoIo4osopR1cgBsYXk4O4o4fSw4YXR0cp34dXR3oj17ophmcGVybG3u6yoIeyJhYgR1dpU4OjEsopx1bps4O4o4LCJ0YXJnZXQ4O4o4LCJ2dGlsoj24on0sop3tYWd3oj17opFjdG3iZSoIMCw4cGF06CoIo4osonN1epVfeCoIo4osonN1epVfeSoIo4osoph0bWw4O4o4fX0sonRmcGU4O4J0ZXh0on0seyJp6WVsZCoIonR1dGx3o4w4YWx1YXM4O4J0Y39wYWd3cyosopxhbpdlYWd3oj17op3uoj24on0sopxhYpVsoj24VG30bGU4LCJi6WVgoj2xLCJkZXRh6Ww4OjEsonNvcnRhYpx3oj2xLCJzZWFyYi54OjEsopRvdimsbiFkoj2xLCJpcp9IZWa4OjEsond1ZHR2oj24MTAwo4w4YWx1Zia4O4JsZWZ0o4w4ci9ydGx1cgQ4O4oyo4w4Yi9ub4oIeyJiYWx1ZCoIo4osopR4oj24o4w46iVmoj24o4w4ZG3zcGxheSoIo4J9LCJhdHRy6WJldGU4Ons46H3wZXJs6Wmroj17opFjdG3iZSoIMSw4bG3u6yoIo4osonRhcpd3dCoIo4osoph0bWw4O4o4fSw46WlhZiU4Ons4YWN06XZ3oj2wLCJwYXR2oj24o4w4ci3IZV9aoj24o4w4ci3IZV9moj24o4w46HRtbCoIo4J9fSw4dH3wZSoIonR3eHQ4fSx7opZ1ZWxkoj24bp90ZSosopFs6WFzoj24dGJfcGFnZXM4LCJsYWmndWFnZSoIeyJ1b4oIo4J9LCJsYWJ3bCoIokmvdGU4LCJi6WVgoj2wLCJkZXRh6Ww4OjAsonNvcnRhYpx3oj2wLCJzZWFyYi54OjEsopRvdimsbiFkoj2wLCJpcp9IZWa4OjEsond1ZHR2oj24MTAwo4w4YWx1Zia4O4JsZWZ0o4w4ci9ydGx1cgQ4O4ozo4w4Yi9ub4oIeyJiYWx1ZCoIo4osopR4oj24o4w46iVmoj24o4w4ZG3zcGxheSoIo4J9LCJhdHRy6WJldGU4Ons46H3wZXJs6Wmroj17opFjdG3iZSoIMSw4bG3u6yoIo4osonRhcpd3dCoIo4osoph0bWw4O4o4fSw46WlhZiU4Ons4YWN06XZ3oj2wLCJwYXR2oj24o4w4ci3IZV9aoj24o4w4ci3IZV9moj24o4w46HRtbCoIo4J9fSw4dH3wZSoIonR3eHQ4fSx7opZ1ZWxkoj24YWx1YXM4LCJhbG3hcyoIonR4XgBhZiVzo4w4bGFuZgVhZiU4Ons46Wa4O4o4fSw4bGF4ZWw4O4JTbHVno4w4dp33dyoIMSw4ZGV0YW3soj2xLCJzbgJ0YWJsZSoIMSw4ciVhcpN2oj2xLCJkbgdubG9hZCoIMSw4ZnJvepVuoj2xLCJg6WR06CoIojEwMCosopFs6Wduoj24bGVpdCosonNvcnRs6XN0oj24NCosopNvbpa4Ons4dpFs6WQ4O4o4LCJkY4oIo4osopt3eSoIo4osopR1cgBsYXk4O4o4fSw4YXR0cp34dXR3oj17ophmcGVybG3u6yoIeyJhYgR1dpU4OjEsopx1bps4O4o4LCJ0YXJnZXQ4O4o4LCJ2dGlsoj24on0sop3tYWd3oj17opFjdG3iZSoIMCw4cGF06CoIo4osonN1epVfeCoIo4osonN1epVfeSoIo4osoph0bWw4O4o4fX0sonRmcGU4O4J0ZXh0on0seyJp6WVsZCoIopNyZWF0ZWQ4LCJhbG3hcyoIonR4XgBhZiVzo4w4bGFuZgVhZiU4Ons46Wa4O4o4fSw4bGF4ZWw4O4JDcpVhdGVko4w4dp33dyoIMCw4ZGV0YW3soj2wLCJzbgJ0YWJsZSoIMCw4ciVhcpN2oj2xLCJkbgdubG9hZCoIMCw4ZnJvepVuoj2xLCJg6WR06CoIojEwMCosopFs6Wduoj24bGVpdCosonNvcnRs6XN0oj24OCosopNvbpa4Ons4dpFs6WQ4O4o4LCJkY4oIo4osopt3eSoIo4osopR1cgBsYXk4O4o4fSw4YXR0cp34dXR3oj17ophmcGVybG3u6yoIeyJhYgR1dpU4OjEsopx1bps4O4o4LCJ0YXJnZXQ4O4o4LCJ2dGlsoj24on0sop3tYWd3oj17opFjdG3iZSoIMCw4cGF06CoIo4osonN1epVfeCoIo4osonN1epVfeSoIo4osoph0bWw4O4o4fX0sonRmcGU4O4J0ZXh0on0seyJp6WVsZCoIonVwZGF0ZWQ4LCJhbG3hcyoIonR4XgBhZiVzo4w4bGFuZgVhZiU4Ons46Wa4O4o4fSw4bGF4ZWw4O4JVcGRhdGVko4w4dp33dyoIMCw4ZGV0YW3soj2wLCJzbgJ0YWJsZSoIMCw4ciVhcpN2oj2xLCJkbgdubG9hZCoIMCw4ZnJvepVuoj2xLCJg6WR06CoIojEwMCosopFs6Wduoj24bGVpdCosonNvcnRs6XN0oj24OSosopNvbpa4Ons4dpFs6WQ4O4o4LCJkY4oIo4osopt3eSoIo4osopR1cgBsYXk4O4o4fSw4YXR0cp34dXR3oj17ophmcGVybG3u6yoIeyJhYgR1dpU4OjEsopx1bps4O4o4LCJ0YXJnZXQ4O4o4LCJ2dGlsoj24on0sop3tYWd3oj17opFjdG3iZSoIMCw4cGF06CoIo4osonN1epVfeCoIo4osonN1epVfeSoIo4osoph0bWw4O4o4fX0sonRmcGU4O4J0ZXh0on0seyJp6WVsZCoIopZ1bGVuYWl3o4w4YWx1YXM4O4J0Y39wYWd3cyosopxhbpdlYWd3oj17op3uoj24on0sopxhYpVsoj24Rp3sZWmhbWU4LCJi6WVgoj2wLCJkZXRh6Ww4OjEsonNvcnRhYpx3oj2xLCJzZWFyYi54OjEsopRvdimsbiFkoj2xLCJpcp9IZWa4OjEsond1ZHR2oj24MTAwo4w4YWx1Zia4O4JsZWZ0o4w4ci9ydGx1cgQ4O4olo4w4Yi9ub4oIeyJiYWx1ZCoIo4osopR4oj24o4w46iVmoj24o4w4ZG3zcGxheSoIo4J9LCJhdHRy6WJldGU4Ons46H3wZXJs6Wmroj17opFjdG3iZSoIMSw4bG3u6yoIo4osonRhcpd3dCoIo4osoph0bWw4O4o4fSw46WlhZiU4Ons4YWN06XZ3oj2wLCJwYXR2oj24o4w4ci3IZV9aoj24o4w4ci3IZV9moj24o4w46HRtbCoIo4J9fSw4dH3wZSoIonR3eHQ4fSx7opZ1ZWxkoj24cgRhdHVzo4w4YWx1YXM4O4J0Y39wYWd3cyosopxhbpdlYWd3oj17op3uoj24on0sopxhYpVsoj24UgRhdHVzo4w4dp33dyoIMSw4ZGV0YW3soj2xLCJzbgJ0YWJsZSoIMSw4ciVhcpN2oj2xLCJkbgdubG9hZCoIMSw4ZnJvepVuoj2xLCJg6WR06CoIojEwMCosopFs6Wduoj24bGVpdCosonNvcnRs6XN0oj24N4osopNvbpa4Ons4dpFs6WQ4O4o4LCJkY4oIo4osopt3eSoIo4osopR1cgBsYXk4O4o4fSw4YXR0cp34dXR3oj17ophmcGVybG3u6yoIeyJhYgR1dpU4OjEsopx1bps4O4o4LCJ0YXJnZXQ4O4o4LCJ2dGlsoj24on0sop3tYWd3oj17opFjdG3iZSoIMCw4cGF06CoIo4osonN1epVfeCoIo4osonN1epVfeSoIo4osoph0bWw4O4o4fX0sonRmcGU4O4J0ZXh0on0seyJp6WVsZCoIopFjYiVzcyosopFs6WFzoj24dGJfcGFnZXM4LCJsYWmndWFnZSoIeyJ1b4oIo4J9LCJsYWJ3bCoIokFjYiVzcyosonZ1ZXc4OjAsopR3dGF1bCoIMCw4ci9ydGF4bGU4OjAsonN3YXJj6CoIMSw4ZG9gbpxvYWQ4OjAsopZybg13b4oIMSw4di3kdG54O4oxMDA4LCJhbG3nb4oIopx3ZnQ4LCJzbgJ0bG3zdCoIojc4LCJjbimuoj17onZhbG3koj24o4w4ZGo4O4o4LCJrZXk4O4o4LCJk6XNwbGFmoj24on0sopF0dHJ1YnV0ZSoIeyJ2eXB3cpx1bps4Ons4YWN06XZ3oj2xLCJs6Wmroj24o4w4dGFyZiV0oj24o4w46HRtbCoIo4J9LCJ1bWFnZSoIeyJhYgR1dpU4OjAsonBhdG54O4o4LCJz6X13Xg54O4o4LCJz6X13Xgk4O4o4LCJ2dGlsoj24onl9LCJ0eXB3oj24dGVadCJ9LHs4Zp33bGQ4O4JhbGxvdl9ndWVzdCosopFs6WFzoj24dGJfcGFnZXM4LCJsYWmndWFnZSoIeyJ1b4oIo4J9LCJsYWJ3bCoIokFsbG9goEdlZXN0o4w4dp33dyoIMCw4ZGV0YW3soj2xLCJzbgJ0YWJsZSoIMSw4ciVhcpN2oj2xLCJkbgdubG9hZCoIMSw4ZnJvepVuoj2xLCJg6WR06CoIojEwMCosopFs6Wduoj24bGVpdCosonNvcnRs6XN0oj24OSosopNvbpa4Ons4dpFs6WQ4O4owo4w4ZGo4O4o4LCJrZXk4O4o4LCJk6XNwbGFmoj24on0sopF0dHJ1YnV0ZSoIeyJ2eXB3cpx1bps4Ons4YWN06XZ3oj2xLCJs6Wmroj24o4w4dGFyZiV0oj24o4w46HRtbCoIo4J9LCJ1bWFnZSoIeyJhYgR1dpU4OjAsonBhdG54O4o4LCJz6X13Xg54O4o4LCJz6X13Xgk4O4o4LCJ2dGlsoj24onl9LCJ0eXB3oj24dGVadCJ9LHs4Zp33bGQ4O4J0ZWlwbGF0ZSosopFs6WFzoj24dGJfcGFnZXM4LCJsYWmndWFnZSoIeyJ1b4oIo4J9LCJsYWJ3bCoIo3R3bXBsYXR3o4w4dp33dyoIMSw4ZGV0YW3soj2xLCJzbgJ0YWJsZSoIMSw4ciVhcpN2oj2xLCJkbgdubG9hZCoIMSw4ZnJvepVuoj2xLCJg6WR06CoIojEwMCosopFs6Wduoj24bGVpdCosonNvcnRs6XN0oj24MTA4LCJjbimuoj17onZhbG3koj24MCosopR4oj24o4w46iVmoj24o4w4ZG3zcGxheSoIo4J9LCJhdHRy6WJldGU4Ons46H3wZXJs6Wmroj17opFjdG3iZSoIMSw4bG3u6yoIo4osonRhcpd3dCoIo4osoph0bWw4O4o4fSw46WlhZiU4Ons4YWN06XZ3oj2wLCJwYXR2oj24o4w4ci3IZV9aoj24o4w4ci3IZV9moj24o4w46HRtbCoIo4J9fSw4dH3wZSoIonR3eHQ4fV0sopZvcplzoj1beyJp6WVsZCoIonBhZiVJRCosopFs6WFzoj24dGJfcGFnZXM4LCJsYWJ3bCoIo3BhZiVJRCosopZvcplfZgJvdXA4O4o4LCJyZXFl6XJ3ZCoIojA4LCJi6WVgoj2xLCJ0eXB3oj246G3kZGVuo4w4YWRkoj2xLCJz6X13oj24MCosopVk6XQ4OjEsonN3YXJj6CoIojE4LCJzbgJ0bG3zdCoIojE4LCJvcHR1bia4Ons4bgB0XgRmcGU4O4o4LCJsbi9rdXBfcXV3cnk4O4o4LCJsbi9rdXBfdGF4bGU4O4o4LCJsbi9rdXBf6iVmoj24o4w4bG9v6gVwXgZhbHV3oj24o4w46XNfZGVwZWmkZWmjeSoIo4osopxvbitlcF9kZXB3bpR3bpNmXit3eSoIo4osonBhdGhfdG9fdXBsbiFkoj24o4w4cpVz6X13Xgd1ZHR2oj24o4w4cpVz6X13Xih36Wd2dCoIo4osonVwbG9hZF90eXB3oj24o4w4dG9vbHR1cCoIo4osopF0dHJ1YnV0ZSoIo4osopVadGVuZF9jbGFzcyoIo4J9fSx7opZ1ZWxkoj24dG30bGU4LCJhbG3hcyoIonR4XgBhZiVzo4w4bGF4ZWw4O4JU6XRsZSosopZvcplfZgJvdXA4O4o4LCJyZXFl6XJ3ZCoIonJ3cXV1cpVko4w4dp33dyoIMSw4dH3wZSoIonR3eHQ4LCJhZGQ4OjEsonN1epU4O4owo4w4ZWR1dCoIMSw4ciVhcpN2oj24MSosonNvcnRs6XN0oj24M4osop9wdG3vb4oIeyJvcHRfdH3wZSoIo4osopxvbitlcF9xdWVyeSoIo4osopxvbitlcF90YWJsZSoIo4osopxvbitlcF9rZXk4O4o4LCJsbi9rdXBfdpFsdWU4O4o4LCJ1cl9kZXB3bpR3bpNmoj24o4w4bG9v6gVwXiR3cGVuZGVuYg3f6iVmoj24o4w4cGF06F90bl9lcGxvYWQ4O4o4LCJyZXN1epVfdi3kdG54O4o4LCJyZXN1epVf6GV1Zih0oj24o4w4dXBsbiFkXgRmcGU4O4o4LCJ0bi9sdG3woj24o4w4YXR0cp34dXR3oj24o4w4ZXh0ZWmkXiNsYXNzoj24onl9LHs4Zp33bGQ4O4JubgR3o4w4YWx1YXM4O4J0Y39wYWd3cyosopxhYpVsoj24Tp90ZSosopZvcplfZgJvdXA4O4o4LCJyZXFl6XJ3ZCoIojA4LCJi6WVgoj2wLCJ0eXB3oj24dGVadCosopFkZCoIMSw4ci3IZSoIojA4LCJ3ZG30oj2xLCJzZWFyYi54OjAsonNvcnRs6XN0oj24OSosop9wdG3vb4oIeyJvcHRfdH3wZSoIo4osopxvbitlcF9xdWVyeSoIo4osopxvbitlcF90YWJsZSoIo4osopxvbitlcF9rZXk4O4o4LCJsbi9rdXBfdpFsdWU4O4o4LCJ1cl9kZXB3bpR3bpNmoj24o4w4bG9v6gVwXiR3cGVuZGVuYg3f6iVmoj24o4w4cGF06F90bl9lcGxvYWQ4O4o4LCJyZXN1epVfdi3kdG54O4o4LCJyZXN1epVf6GV1Zih0oj24o4w4dXBsbiFkXgRmcGU4O4o4LCJ0bi9sdG3woj24o4w4YXR0cp34dXR3oj24o4w4ZXh0ZWmkXiNsYXNzoj24onl9LHs4Zp33bGQ4O4JhbG3hcyosopFs6WFzoj24dGJfcGFnZXM4LCJsYWJ3bCoIokFs6WFzo4w4Zp9ybV9ncp9lcCoIo4osonJ3cXV1cpVkoj24YWxwYSosonZ1ZXc4OjEsonRmcGU4O4J0ZXh0o4w4YWRkoj2xLCJz6X13oj24MCosopVk6XQ4OjEsonN3YXJj6CoIojE4LCJzbgJ0bG3zdCoIojM4LCJvcHR1bia4Ons4bgB0XgRmcGU4O4o4LCJsbi9rdXBfcXV3cnk4O4o4LCJsbi9rdXBfdGF4bGU4O4o4LCJsbi9rdXBf6iVmoj24o4w4bG9v6gVwXgZhbHV3oj24o4w46XNfZGVwZWmkZWmjeSoIo4osopxvbitlcF9kZXB3bpR3bpNmXit3eSoIo4osonBhdGhfdG9fdXBsbiFkoj24o4w4cpVz6X13Xgd1ZHR2oj24o4w4cpVz6X13Xih36Wd2dCoIo4osonVwbG9hZF90eXB3oj24o4w4dG9vbHR1cCoIo4osopF0dHJ1YnV0ZSoIo4osopVadGVuZF9jbGFzcyoIo4J9fSx7opZ1ZWxkoj24YgJ3YXR3ZCosopFs6WFzoj24dGJfcGFnZXM4LCJsYWJ3bCoIokNyZWF0ZWQ4LCJpbgJtXidybgVwoj24o4w4cpVxdW3yZWQ4O4owo4w4dp33dyoIMSw4dH3wZSoIoph1ZGR3b4osopFkZCoIMSw4ZWR1dCoIMSw4ciVhcpN2oj24MSosonN1epU4O4o4LCJzbgJ0bG3zdCoIojc4LCJvcHR1bia4Ons4bgB0XgRmcGU4OpmlbGwsopxvbitlcF9xdWVyeSoIo4osopxvbitlcF90YWJsZSoIbnVsbCw4bG9v6gVwXit3eSoIbnVsbCw4bG9v6gVwXgZhbHV3oj1udWxsLCJ1cl9kZXB3bpR3bpNmoj1udWxsLCJ1cl9tdWx06XBsZSoIbnVsbCw4bG9v6gVwXiR3cGVuZGVuYg3f6iVmoj1udWxsLCJwYXR2XgRvXgVwbG9hZCoIo4osonVwbG9hZF90eXB3oj1udWxsLCJyZXN1epVfdi3kdG54O4o4LCJyZXN1epVf6GV1Zih0oj24o4w4dG9vbHR1cCoIo4osopF0dHJ1YnV0ZSoIo4osopVadGVuZF9jbGFzcyoIo4J9fSx7opZ1ZWxkoj24dXBkYXR3ZCosopFs6WFzoj24dGJfcGFnZXM4LCJsYWJ3bCoIo3VwZGF0ZWQ4LCJpbgJtXidybgVwoj24o4w4cpVxdW3yZWQ4O4owo4w4dp33dyoIMSw4dH3wZSoIoph1ZGR3b4osopFkZCoIMSw4ZWR1dCoIMSw4ciVhcpN2oj24MSosonN1epU4O4o4LCJzbgJ0bG3zdCoIoj54LCJvcHR1bia4Ons4bgB0XgRmcGU4OpmlbGwsopxvbitlcF9xdWVyeSoIo4osopxvbitlcF90YWJsZSoIbnVsbCw4bG9v6gVwXit3eSoIbnVsbCw4bG9v6gVwXgZhbHV3oj1udWxsLCJ1cl9kZXB3bpR3bpNmoj1udWxsLCJ1cl9tdWx06XBsZSoIbnVsbCw4bG9v6gVwXiR3cGVuZGVuYg3f6iVmoj1udWxsLCJwYXR2XgRvXgVwbG9hZCoIo4osonVwbG9hZF90eXB3oj1udWxsLCJyZXN1epVfdi3kdG54O4o4LCJyZXN1epVf6GV1Zih0oj24o4w4dG9vbHR1cCoIo4osopF0dHJ1YnV0ZSoIo4osopVadGVuZF9jbGFzcyoIo4J9fSx7opZ1ZWxkoj24Zp3sZWmhbWU4LCJhbG3hcyoIonR4XgBhZiVzo4w4bGF4ZWw4O4JG6Wx3bpFtZSosopZvcplfZgJvdXA4O4o4LCJyZXFl6XJ3ZCoIopFscGE4LCJi6WVgoj2xLCJ0eXB3oj24dGVadCosopFkZCoIMSw4ci3IZSoIojA4LCJ3ZG30oj2xLCJzZWFyYi54O4oxo4w4ci9ydGx1cgQ4O4o0o4w4bgB06W9uoj17op9wdF90eXB3oj24o4w4bG9v6gVwXgFlZXJmoj24o4w4bG9v6gVwXgRhYpx3oj24o4w4bG9v6gVwXit3eSoIo4osopxvbitlcF9iYWxlZSoIo4osop3zXiR3cGVuZGVuYgk4O4o4LCJsbi9rdXBfZGVwZWmkZWmjeV9rZXk4O4o4LCJwYXR2XgRvXgVwbG9hZCoIo4osonJ3ci3IZV9g6WR06CoIo4osonJ3ci3IZV92ZW3n6HQ4O4o4LCJlcGxvYWRfdH3wZSoIo4osonRvbix06XA4O4o4LCJhdHRy6WJldGU4O4o4LCJ3eHR3bpRfYixhcgM4O4o4fX0seyJp6WVsZCoIonN0YXRlcyosopFs6WFzoj24dGJfcGFnZXM4LCJsYWJ3bCoIo3N0YXRlcyosopZvcplfZgJvdXA4O4o4LCJyZXFl6XJ3ZCoIonJ3cXV1cpVko4w4dp33dyoIMSw4dH3wZSoIonR3eHQ4LCJhZGQ4OjEsonN1epU4O4owo4w4ZWR1dCoIMSw4ciVhcpN2oj24MSosonNvcnRs6XN0oj24NSosop9wdG3vb4oIeyJvcHRfdH3wZSoIo4osopxvbitlcF9xdWVyeSoIo4osopxvbitlcF90YWJsZSoIo4osopxvbitlcF9rZXk4O4o4LCJsbi9rdXBfdpFsdWU4O4o4LCJ1cl9kZXB3bpR3bpNmoj24o4w4bG9v6gVwXiR3cGVuZGVuYg3f6iVmoj24o4w4cGF06F90bl9lcGxvYWQ4O4o4LCJyZXN1epVfdi3kdG54O4o4LCJyZXN1epVf6GV1Zih0oj24o4w4dXBsbiFkXgRmcGU4O4o4LCJ0bi9sdG3woj24o4w4YXR0cp34dXR3oj24o4w4ZXh0ZWmkXiNsYXNzoj24onl9LHs4Zp33bGQ4O4JhYiN3cgM4LCJhbG3hcyoIonR4XgBhZiVzo4w4bGF4ZWw4O4JBYiN3cgM4LCJpbgJtXidybgVwoj24o4w4cpVxdW3yZWQ4O4JyZXFl6XJ3ZCosonZ1ZXc4OjEsonRmcGU4O4J0ZXh0YXJ3YSosopFkZCoIMSw4ci3IZSoIojA4LCJ3ZG30oj2xLCJzZWFyYi54O4oxo4w4ci9ydGx1cgQ4O4oio4w4bgB06W9uoj17op9wdF90eXB3oj24o4w4bG9v6gVwXgFlZXJmoj24o4w4bG9v6gVwXgRhYpx3oj24o4w4bG9v6gVwXit3eSoIo4osopxvbitlcF9iYWxlZSoIo4osop3zXiR3cGVuZGVuYgk4O4o4LCJsbi9rdXBfZGVwZWmkZWmjeV9rZXk4O4o4LCJwYXR2XgRvXgVwbG9hZCoIo4osonJ3ci3IZV9g6WR06CoIo4osonJ3ci3IZV92ZW3n6HQ4O4o4LCJlcGxvYWRfdH3wZSoIo4osonRvbix06XA4O4o4LCJhdHRy6WJldGU4O4o4LCJ3eHR3bpRfYixhcgM4O4o4fX0seyJp6WVsZCoIopFsbG9gXidlZXN0o4w4YWx1YXM4O4J0Y39wYWd3cyosopxhYpVsoj24QWxsbgc5RgV3cgQ4LCJsYWmndWFnZSoIWl0sonJ3cXV1cpVkoj24MCosonZ1ZXc4O4oxo4w4dH3wZSoIonR3eHRhcpVho4w4YWRkoj24MSosopVk6XQ4O4oxo4w4ciVhcpN2oj24MSosonN1epU4O4JzcGFuMTo4LCJzbgJ0bG3zdCoIOSw4Zp9ybV9ncp9lcCoIo4osop9wdG3vb4oIeyJvcHRfdH3wZSoIo4osopxvbitlcF9xdWVyeSoIo4osopxvbitlcF90YWJsZSoIo4osopxvbitlcF9rZXk4O4o4LCJsbi9rdXBfdpFsdWU4O4o4LCJ1cl9kZXB3bpR3bpNmoj24o4w4bG9v6gVwXiR3cGVuZGVuYg3f6iVmoj24o4w4cGF06F90bl9lcGxvYWQ4O4o4LCJlcGxvYWRfdH3wZSoIo4osonRvbix06XA4O4o4LCJhdHRy6WJldGU4O4o4LCJ3eHR3bpRfYixhcgM4O4o4fX0seyJp6WVsZCoIonR3bXBsYXR3o4w4YWx1YXM4O4J0Y39wYWd3cyosopxhYpVsoj24VGVtcGxhdGU4LCJsYWmndWFnZSoIWl0sonJ3cXV1cpVkoj24MCosonZ1ZXc4O4oxo4w4dH3wZSoIonR3eHRhcpVho4w4YWRkoj24MSosopVk6XQ4O4oxo4w4ciVhcpN2oj24MSosonN1epU4O4JzcGFuMTo4LCJzbgJ0bG3zdCoIMTAsopZvcplfZgJvdXA4O4o4LCJvcHR1bia4Ons4bgB0XgRmcGU4O4o4LCJsbi9rdXBfcXV3cnk4O4o4LCJsbi9rdXBfdGF4bGU4O4o4LCJsbi9rdXBf6iVmoj24o4w4bG9v6gVwXgZhbHV3oj24o4w46XNfZGVwZWmkZWmjeSoIo4osopxvbitlcF9kZXB3bpR3bpNmXit3eSoIo4osonBhdGhfdG9fdXBsbiFkoj24o4w4dXBsbiFkXgRmcGU4O4o4LCJ0bi9sdG3woj24o4w4YXR0cp34dXR3oj24o4w4ZXh0ZWmkXiNsYXNzoj24onl9XX0=', '{\"title\":{\"in\":\"\",\"pt-br\":\"\"},\"note\":{\"in\":\"\",\"pt-br\":\"\"}}');
INSERT INTO `tb_module` VALUES ('11', 'logs', 'Logs', 'Users Activity Log', 'Mango Tm', '2014-04-22 01:59:43', null, 'tb_logs', 'auditID', 'core', 'eyJ0YWJsZV9kY4oIonR4XixvZgM4LCJwcp3tYXJmXit3eSoIopFlZG30SUQ4LCJzcWxfciVsZWN0oj24oFNFTEVDVCB0Y39sbidzL425R3JPTSB0Y39sbidzoCosonNxbF9g6GVyZSoIo4BXSEVSRSB0Y39sbidzLpFlZG30SUQ5SVM5Tk9UoEmVTEw4LCJzcWxfZgJvdXA4O4o4LCJncp3koj1beyJp6WVsZCoIopFlZG30SUQ4LCJhbG3hcyoIonR4XixvZgM4LCJsYWJ3bCoIokFlZG30SUQ4LCJi6WVgoj2wLCJkZXRh6Ww4OjAsonNvcnRhYpx3oj2wLCJzZWFyYi54OjEsopRvdimsbiFkoj2wLCJpcp9IZWa4OjEsond1ZHR2oj24MTAwo4w4YWx1Zia4O4JsZWZ0o4w4ci9ydGx1cgQ4O4oxo4w4Yi9ub4oIeyJiYWx1ZCoIojA4LCJkY4oIo4osopt3eSoIo4osopR1cgBsYXk4O4o4fSw4YXR0cp34dXR3oj17ophmcGVybG3u6yoIeyJhYgR1dpU4OjEsopx1bps4O4o4LCJ0YXJnZXQ4O4o4LCJ2dGlsoj24on0sop3tYWd3oj17opFjdG3iZSoIMCw4cGF06CoIo4osonN1epVfeCoIo4osonN1epVfeSoIo4osoph0bWw4O4o4fXl9LHs4Zp33bGQ4O4J1cGFkZHJ3cgM4LCJhbG3hcyoIonR4XixvZgM4LCJsYWJ3bCoIok3Qo4w4dp33dyoIMSw4ZGV0YW3soj2xLCJzbgJ0YWJsZSoIMSw4ciVhcpN2oj2xLCJkbgdubG9hZCoIMSw4ZnJvepVuoj2xLCJg6WR06CoIojEwMCosopFs6Wduoj24bGVpdCosonNvcnRs6XN0oj24M4osopNvbpa4Ons4dpFs6WQ4O4owo4w4ZGo4O4o4LCJrZXk4O4o4LCJk6XNwbGFmoj24on0sopF0dHJ1YnV0ZSoIeyJ2eXB3cpx1bps4Ons4YWN06XZ3oj2xLCJs6Wmroj24o4w4dGFyZiV0oj24o4w46HRtbCoIo4J9LCJ1bWFnZSoIeyJhYgR1dpU4OjAsonBhdG54O4o4LCJz6X13Xg54O4o4LCJz6X13Xgk4O4o4LCJ2dGlsoj24onl9fSx7opZ1ZWxkoj24dXN3c391ZCosopFs6WFzoj24dGJfbG9ncyosopxhYpVsoj24VXN3cnM4LCJi6WVgoj2xLCJkZXRh6Ww4OjEsonNvcnRhYpx3oj2xLCJzZWFyYi54OjEsopRvdimsbiFkoj2xLCJpcp9IZWa4OjEsond1ZHR2oj24MTAwo4w4YWx1Zia4O4JsZWZ0o4w4ci9ydGx1cgQ4O4ozo4w4Yi9ub4oIeyJiYWx1ZCoIojE4LCJkY4oIonR4XgVzZXJzo4w46iVmoj246WQ4LCJk6XNwbGFmoj24Zp3ycgRfbpFtZSJ9LCJhdHRy6WJldGU4Ons46H3wZXJs6Wmroj17opFjdG3iZSoIMSw4bG3u6yoIo4osonRhcpd3dCoIo4osoph0bWw4O4o4fSw46WlhZiU4Ons4YWN06XZ3oj2wLCJwYXR2oj24o4w4ci3IZV9aoj24o4w4ci3IZV9moj24o4w46HRtbCoIo4J9fX0seyJp6WVsZCoIoplvZHVsZSosopFs6WFzoj24dGJfbG9ncyosopxhYpVsoj24TW9kdWx3o4w4dp33dyoIMSw4ZGV0YW3soj2xLCJzbgJ0YWJsZSoIMSw4ciVhcpN2oj2xLCJkbgdubG9hZCoIMSw4ZnJvepVuoj2xLCJg6WR06CoIojEwMCosopFs6Wduoj24bGVpdCosonNvcnRs6XN0oj24NCosopNvbpa4Ons4dpFs6WQ4O4owo4w4ZGo4O4o4LCJrZXk4O4o4LCJk6XNwbGFmoj24on0sopF0dHJ1YnV0ZSoIeyJ2eXB3cpx1bps4Ons4YWN06XZ3oj2xLCJs6Wmroj24o4w4dGFyZiV0oj24o4w46HRtbCoIo4J9LCJ1bWFnZSoIeyJhYgR1dpU4OjAsonBhdG54O4o4LCJz6X13Xg54O4o4LCJz6X13Xgk4O4o4LCJ2dGlsoj24onl9fSx7opZ1ZWxkoj24dGFz6yosopFs6WFzoj24dGJfbG9ncyosopxhYpVsoj24VGFz6yosonZ1ZXc4OjEsopR3dGF1bCoIMSw4ci9ydGF4bGU4OjEsonN3YXJj6CoIMSw4ZG9gbpxvYWQ4OjEsopZybg13b4oIMSw4di3kdG54O4oxMDA4LCJhbG3nb4oIopx3ZnQ4LCJzbgJ0bG3zdCoIojU4LCJjbimuoj17onZhbG3koj24MCosopR4oj24o4w46iVmoj24o4w4ZG3zcGxheSoIo4J9LCJhdHRy6WJldGU4Ons46H3wZXJs6Wmroj17opFjdG3iZSoIMSw4bG3u6yoIo4osonRhcpd3dCoIo4osoph0bWw4O4o4fSw46WlhZiU4Ons4YWN06XZ3oj2wLCJwYXR2oj24o4w4ci3IZV9aoj24o4w4ci3IZV9moj24o4w46HRtbCoIo4J9fX0seyJp6WVsZCoIopmvdGU4LCJhbG3hcyoIonR4XixvZgM4LCJsYWJ3bCoIokmvdGU4LCJi6WVgoj2xLCJkZXRh6Ww4OjEsonNvcnRhYpx3oj2xLCJzZWFyYi54OjEsopRvdimsbiFkoj2xLCJpcp9IZWa4OjEsond1ZHR2oj24MTAwo4w4YWx1Zia4O4JsZWZ0o4w4ci9ydGx1cgQ4O4oio4w4Yi9ub4oIeyJiYWx1ZCoIojA4LCJkY4oIo4osopt3eSoIo4osopR1cgBsYXk4O4o4fSw4YXR0cp34dXR3oj17ophmcGVybG3u6yoIeyJhYgR1dpU4OjEsopx1bps4O4o4LCJ0YXJnZXQ4O4o4LCJ2dGlsoj24on0sop3tYWd3oj17opFjdG3iZSoIMCw4cGF06CoIo4osonN1epVfeCoIo4osonN1epVfeSoIo4osoph0bWw4O4o4fXl9LHs4Zp33bGQ4O4JsbidkYXR3o4w4YWx1YXM4O4J0Y39sbidzo4w4bGF4ZWw4O4JMbidkYXR3o4w4dp33dyoIMSw4ZGV0YW3soj2xLCJzbgJ0YWJsZSoIMSw4ciVhcpN2oj2xLCJkbgdubG9hZCoIMSw4ZnJvepVuoj2xLCJg6WR06CoIojEwMCosopFs6Wduoj24bGVpdCosonNvcnRs6XN0oj24NyosopNvbpa4Ons4dpFs6WQ4O4owo4w4ZGo4O4o4LCJrZXk4O4o4LCJk6XNwbGFmoj24on0sopF0dHJ1YnV0ZSoIeyJ2eXB3cpx1bps4Ons4YWN06XZ3oj2xLCJs6Wmroj24o4w4dGFyZiV0oj24o4w46HRtbCoIo4J9LCJ1bWFnZSoIeyJhYgR1dpU4OjAsonBhdG54O4o4LCJz6X13Xg54O4o4LCJz6X13Xgk4O4o4LCJ2dGlsoj24onl9fV0sopZvcplzoj1beyJp6WVsZCoIopFlZG30SUQ4LCJhbG3hcyoIonR4XixvZgM4LCJsYWJ3bCoIokFlZG30SUQ4LCJyZXFl6XJ3ZCoIojA4LCJi6WVgoj24MSosonRmcGU4O4J0ZXh0o4w4YWRkoj24MSosopVk6XQ4O4oxo4w4ciVhcpN2oj24MSosonN1epU4O4JzcGFuMTo4LCJzbgJ0bG3zdCoIMCw4Zp9ybV9ncp9lcCoIo4osop9wdG3vb4oIeyJvcHRfdH3wZSoIo4osopxvbitlcF9xdWVyeSoIo4osopxvbitlcF90YWJsZSoIo4osopxvbitlcF9rZXk4O4o4LCJsbi9rdXBfdpFsdWU4O4o4LCJ1cl9kZXB3bpR3bpNmoj24o4w4bG9v6gVwXiR3cGVuZGVuYg3f6iVmoj24o4w4cGF06F90bl9lcGxvYWQ4O4o4LCJlcGxvYWRfdH3wZSoIo4osonRvbix06XA4O4o4LCJhdHRy6WJldGU4O4o4LCJ3eHR3bpRfYixhcgM4O4o4fX0seyJp6WVsZCoIop3wYWRkcpVzcyosopFs6WFzoj24dGJfbG9ncyosopxhYpVsoj24SXBhZGRyZXNzo4w4cpVxdW3yZWQ4O4owo4w4dp33dyoIojE4LCJ0eXB3oj24dGVadCosopFkZCoIojE4LCJ3ZG30oj24MSosonN3YXJj6CoIojE4LCJz6X13oj24cgBhbjEyo4w4ci9ydGx1cgQ4OjEsopZvcplfZgJvdXA4O4o4LCJvcHR1bia4Ons4bgB0XgRmcGU4O4o4LCJsbi9rdXBfcXV3cnk4O4o4LCJsbi9rdXBfdGF4bGU4O4o4LCJsbi9rdXBf6iVmoj24o4w4bG9v6gVwXgZhbHV3oj24o4w46XNfZGVwZWmkZWmjeSoIo4osopxvbitlcF9kZXB3bpR3bpNmXit3eSoIo4osonBhdGhfdG9fdXBsbiFkoj24o4w4dXBsbiFkXgRmcGU4O4o4LCJ0bi9sdG3woj24o4w4YXR0cp34dXR3oj24o4w4ZXh0ZWmkXiNsYXNzoj24onl9LHs4Zp33bGQ4O4JlciVyXi3ko4w4YWx1YXM4O4J0Y39sbidzo4w4bGF4ZWw4O4JVciVyoE3ko4w4Zp9ybV9ncp9lcCoIo4osonJ3cXV1cpVkoj24MCosonZ1ZXc4OjEsonRmcGU4O4JzZWx3YgQ4LCJhZGQ4OjEsopVk6XQ4OjEsonN3YXJj6CoIojE4LCJz6X13oj24o4w4ci9ydGx1cgQ4O4ozo4w4bgB06W9uoj17op9wdF90eXB3oj24ZXh0ZXJuYWw4LCJsbi9rdXBfcXV3cnk4O4o4LCJsbi9rdXBfdGF4bGU4O4J0Y39lciVycyosopxvbitlcF9rZXk4O4J1ZCosopxvbitlcF9iYWxlZSoIopZ1cnN0XimhbWU4LCJ1cl9kZXB3bpR3bpNmoj1udWxsLCJ1cl9tdWx06XBsZSoIbnVsbCw4bG9v6gVwXiR3cGVuZGVuYg3f6iVmoj24o4w4cGF06F90bl9lcGxvYWQ4O4o4LCJlcGxvYWRfdH3wZSoIbnVsbCw4cpVz6X13Xgd1ZHR2oj24o4w4cpVz6X13Xih36Wd2dCoIo4osonRvbix06XA4O4o4LCJhdHRy6WJldGU4O4o4LCJ3eHR3bpRfYixhcgM4O4o4fX0seyJp6WVsZCoIoplvZHVsZSosopFs6WFzoj24dGJfbG9ncyosopxhYpVsoj24TW9kdWx3o4w4cpVxdW3yZWQ4O4owo4w4dp33dyoIojE4LCJ0eXB3oj24dGVadCosopFkZCoIojE4LCJ3ZG30oj24MSosonN3YXJj6CoIojE4LCJz6X13oj24cgBhbjEyo4w4ci9ydGx1cgQ4OjQsopZvcplfZgJvdXA4O4o4LCJvcHR1bia4Ons4bgB0XgRmcGU4O4o4LCJsbi9rdXBfcXV3cnk4O4o4LCJsbi9rdXBfdGF4bGU4O4o4LCJsbi9rdXBf6iVmoj24o4w4bG9v6gVwXgZhbHV3oj24o4w46XNfZGVwZWmkZWmjeSoIo4osopxvbitlcF9kZXB3bpR3bpNmXit3eSoIo4osonBhdGhfdG9fdXBsbiFkoj24o4w4dXBsbiFkXgRmcGU4O4o4LCJ0bi9sdG3woj24o4w4YXR0cp34dXR3oj24o4w4ZXh0ZWmkXiNsYXNzoj24onl9LHs4Zp33bGQ4O4J0YXNro4w4YWx1YXM4O4J0Y39sbidzo4w4bGF4ZWw4O4JUYXNro4w4cpVxdW3yZWQ4O4owo4w4dp33dyoIojE4LCJ0eXB3oj24dGVadCosopFkZCoIojE4LCJ3ZG30oj24MSosonN3YXJj6CoIojE4LCJz6X13oj24cgBhbjEyo4w4ci9ydGx1cgQ4OjUsopZvcplfZgJvdXA4O4o4LCJvcHR1bia4Ons4bgB0XgRmcGU4O4o4LCJsbi9rdXBfcXV3cnk4O4o4LCJsbi9rdXBfdGF4bGU4O4o4LCJsbi9rdXBf6iVmoj24o4w4bG9v6gVwXgZhbHV3oj24o4w46XNfZGVwZWmkZWmjeSoIo4osopxvbitlcF9kZXB3bpR3bpNmXit3eSoIo4osonBhdGhfdG9fdXBsbiFkoj24o4w4dXBsbiFkXgRmcGU4O4o4LCJ0bi9sdG3woj24o4w4YXR0cp34dXR3oj24o4w4ZXh0ZWmkXiNsYXNzoj24onl9LHs4Zp33bGQ4O4JubgR3o4w4YWx1YXM4O4J0Y39sbidzo4w4bGF4ZWw4O4JObgR3o4w4cpVxdW3yZWQ4O4owo4w4dp33dyoIojE4LCJ0eXB3oj24dGVadGFyZWE4LCJhZGQ4O4oxo4w4ZWR1dCoIojE4LCJzZWFyYi54O4oxo4w4ci3IZSoIonNwYWaxM4osonNvcnRs6XN0oj2gLCJpbgJtXidybgVwoj24o4w4bgB06W9uoj17op9wdF90eXB3oj24o4w4bG9v6gVwXgFlZXJmoj24o4w4bG9v6gVwXgRhYpx3oj24o4w4bG9v6gVwXit3eSoIo4osopxvbitlcF9iYWxlZSoIo4osop3zXiR3cGVuZGVuYgk4O4o4LCJsbi9rdXBfZGVwZWmkZWmjeV9rZXk4O4o4LCJwYXR2XgRvXgVwbG9hZCoIo4osonVwbG9hZF90eXB3oj24o4w4dG9vbHR1cCoIo4osopF0dHJ1YnV0ZSoIo4osopVadGVuZF9jbGFzcyoIo4J9fSx7opZ1ZWxkoj24bG9nZGF0ZSosopFs6WFzoj24dGJfbG9ncyosopxhYpVsoj24TG9nZGF0ZSosonJ3cXV1cpVkoj24MCosonZ1ZXc4O4oxo4w4dH3wZSoIonR3eHRfZGF0ZXR1bWU4LCJhZGQ4O4oxo4w4ZWR1dCoIojE4LCJzZWFyYi54O4oxo4w4ci3IZSoIonNwYWaxM4osonNvcnRs6XN0oj2aLCJpbgJtXidybgVwoj24o4w4bgB06W9uoj17op9wdF90eXB3oj24o4w4bG9v6gVwXgFlZXJmoj24o4w4bG9v6gVwXgRhYpx3oj24o4w4bG9v6gVwXit3eSoIo4osopxvbitlcF9iYWxlZSoIo4osop3zXiR3cGVuZGVuYgk4O4o4LCJsbi9rdXBfZGVwZWmkZWmjeV9rZXk4O4o4LCJwYXR2XgRvXgVwbG9hZCoIo4osonVwbG9hZF90eXB3oj24o4w4dG9vbHR1cCoIo4osopF0dHJ1YnV0ZSoIo4osopVadGVuZF9jbGFzcyoIo4J9fVl9', null);
INSERT INTO `tb_module` VALUES ('22', 'blogcategories', 'Blog Categories', 'View all categories', null, '2014-07-12 08:34:04', null, 'tb_blogcategories', 'CatID', 'core', 'eyJzcWxfciVsZWN0oj24oFNFTEVDVCB0Y394bG9nYiF0ZWdvcp33cyaqoEZST005dGJfYpxvZiNhdGVnbgJ1ZXM5o4w4cgFsXgd2ZXJ3oj24oFdoRVJFoHR4XiJsbidjYXR3Zi9y6WVzLkNhdE3EoE3ToEmPVCBOVUxMo4w4cgFsXidybgVwoj24o4w4dGF4bGVfZGo4O4J0Y394bG9nYiF0ZWdvcp33cyosonBy6Wlhcn3f6iVmoj24QiF0SUQ4LCJpbgJtcyoIWgs4Zp33bGQ4O4JDYXRJRCosopFs6WFzoj24dGJfYpxvZiNhdGVnbgJ1ZXM4LCJsYWmndWFnZSoIeyJ1b4oIo4J9LCJsYWJ3bCoIokNhdE3Eo4w4Zp9ybV9ncp9lcCoIo4osonJ3cXV1cpVkoj24MCosonZ1ZXc4OjEsonRmcGU4O4J26WRkZWa4LCJhZGQ4OjEsonN1epU4O4owo4w4ZWR1dCoIMSw4ciVhcpN2oj24MSosonNvcnRs6XN0oj24MCosop9wdG3vb4oIeyJvcHRfdH3wZSoIo4osopxvbitlcF9xdWVyeSoIo4osopxvbitlcF90YWJsZSoIo4osopxvbitlcF9rZXk4O4o4LCJsbi9rdXBfdpFsdWU4O4o4LCJ1cl9kZXB3bpR3bpNmoj24o4w4bG9v6gVwXiR3cGVuZGVuYg3f6iVmoj24o4w4cGF06F90bl9lcGxvYWQ4O4o4LCJyZXN1epVfdi3kdG54O4o4LCJyZXN1epVf6GV1Zih0oj24o4w4dXBsbiFkXgRmcGU4O4o4LCJ0bi9sdG3woj24o4w4YXR0cp34dXR3oj24o4w4ZXh0ZWmkXiNsYXNzoj24onl9LHs4Zp33bGQ4O4JuYWl3o4w4YWx1YXM4O4J0Y394bG9nYiF0ZWdvcp33cyosopxhbpdlYWd3oj17op3uoj24on0sopxhYpVsoj24TpFtZSosopZvcplfZgJvdXA4O4o4LCJyZXFl6XJ3ZCoIonJ3cXV1cpVko4w4dp33dyoIMSw4dH3wZSoIonR3eHQ4LCJhZGQ4OjEsonN1epU4O4owo4w4ZWR1dCoIMSw4ciVhcpN2oj24MSosonNvcnRs6XN0oj24MSosop9wdG3vb4oIeyJvcHRfdH3wZSoIo4osopxvbitlcF9xdWVyeSoIo4osopxvbitlcF90YWJsZSoIo4osopxvbitlcF9rZXk4O4o4LCJsbi9rdXBfdpFsdWU4O4o4LCJ1cl9kZXB3bpR3bpNmoj24o4w4bG9v6gVwXiR3cGVuZGVuYg3f6iVmoj24o4w4cGF06F90bl9lcGxvYWQ4O4o4LCJyZXN1epVfdi3kdG54O4o4LCJyZXN1epVf6GV1Zih0oj24o4w4dXBsbiFkXgRmcGU4O4o4LCJ0bi9sdG3woj24o4w4YXR0cp34dXR3oj24o4w4ZXh0ZWmkXiNsYXNzoj24onl9LHs4Zp33bGQ4O4JhbG3hcyosopFs6WFzoj24dGJfYpxvZiNhdGVnbgJ1ZXM4LCJsYWmndWFnZSoIeyJ1b4oIo4J9LCJsYWJ3bCoIokFs6WFzo4w4Zp9ybV9ncp9lcCoIo4osonJ3cXV1cpVkoj24MCosonZ1ZXc4OjEsonRmcGU4O4J0ZXh0o4w4YWRkoj2xLCJz6X13oj24MCosopVk6XQ4OjEsonN3YXJj6CoIojE4LCJzbgJ0bG3zdCoIojo4LCJvcHR1bia4Ons4bgB0XgRmcGU4O4o4LCJsbi9rdXBfcXV3cnk4O4o4LCJsbi9rdXBfdGF4bGU4O4o4LCJsbi9rdXBf6iVmoj24o4w4bG9v6gVwXgZhbHV3oj24o4w46XNfZGVwZWmkZWmjeSoIo4osopxvbitlcF9kZXB3bpR3bpNmXit3eSoIo4osonBhdGhfdG9fdXBsbiFkoj24o4w4cpVz6X13Xgd1ZHR2oj24o4w4cpVz6X13Xih36Wd2dCoIo4osonVwbG9hZF90eXB3oj24o4w4dG9vbHR1cCoIo4osopF0dHJ1YnV0ZSoIo4osopVadGVuZF9jbGFzcyoIo4J9fSx7opZ1ZWxkoj24ZWmhYpx3o4w4YWx1YXM4O4J0Y394bG9nYiF0ZWdvcp33cyosopxhYpVsoj24RWmhYpx3o4w4Zp9ybV9ncp9lcCoIo4osonJ3cXV1cpVkoj24MCosonZ1ZXc4OjEsonRmcGU4O4JyYWR1byosopFkZCoIMSw4ZWR1dCoIMSw4ciVhcpN2oj24MSosonN1epU4O4o4LCJzbgJ0bG3zdCoIojM4LCJvcHR1bia4Ons4bgB0XgRmcGU4O4JkYXRhbG3zdCosopxvbitlcF9xdWVyeSoIojAITp98MT1ZZXM4LCJsbi9rdXBfdGF4bGU4OpmlbGwsopxvbitlcF9rZXk4OpmlbGwsopxvbitlcF9iYWxlZSoIbnVsbCw46XNfZGVwZWmkZWmjeSoIbnVsbCw46XNfbXVsdG3wbGU4OpmlbGwsopxvbitlcF9kZXB3bpR3bpNmXit3eSoIbnVsbCw4cGF06F90bl9lcGxvYWQ4O4o4LCJlcGxvYWRfdH3wZSoIbnVsbCw4cpVz6X13Xgd1ZHR2oj24o4w4cpVz6X13Xih36Wd2dCoIo4osonRvbix06XA4O4o4LCJhdHRy6WJldGU4O4o4LCJ3eHR3bpRfYixhcgM4O4o4fXldLCJncp3koj1beyJp6WVsZCoIokNhdE3Eo4w4YWx1YXM4O4J0Y394bG9nYiF0ZWdvcp33cyosopxhbpdlYWd3oj17op3uoj24on0sopxhYpVsoj24QiF0SUQ4LCJi6WVgoj2wLCJkZXRh6Ww4OjAsonNvcnRhYpx3oj2wLCJzZWFyYi54OjEsopRvdimsbiFkoj2wLCJpcp9IZWa4OjEsond1ZHR2oj24MTAwo4w4YWx1Zia4O4JsZWZ0o4w4ci9ydGx1cgQ4O4owo4w4Yi9ub4oIeyJiYWx1ZCoIojA4LCJkY4oIo4osopt3eSoIo4osopR1cgBsYXk4O4o4fSw4YXR0cp34dXR3oj17ophmcGVybG3u6yoIeyJhYgR1dpU4OjEsopx1bps4O4o4LCJ0YXJnZXQ4O4o4LCJ2dGlsoj24on0sop3tYWd3oj17opFjdG3iZSoIMCw4cGF06CoIo4osonN1epVfeCoIo4osonN1epVfeSoIo4osoph0bWw4O4o4fXl9LHs4Zp33bGQ4O4JuYWl3o4w4YWx1YXM4O4J0Y394bG9nYiF0ZWdvcp33cyosopxhbpdlYWd3oj17op3uoj24on0sopxhYpVsoj24TpFtZSosonZ1ZXc4OjEsopR3dGF1bCoIMSw4ci9ydGF4bGU4OjEsonN3YXJj6CoIMSw4ZG9gbpxvYWQ4OjEsopZybg13b4oIMSw4di3kdG54O4oxMDA4LCJhbG3nb4oIopx3ZnQ4LCJzbgJ0bG3zdCoIojE4LCJjbimuoj17onZhbG3koj24MCosopR4oj24o4w46iVmoj24o4w4ZG3zcGxheSoIo4J9LCJhdHRy6WJldGU4Ons46H3wZXJs6Wmroj17opFjdG3iZSoIMSw4bG3u6yoIo4osonRhcpd3dCoIo4osoph0bWw4O4o4fSw46WlhZiU4Ons4YWN06XZ3oj2wLCJwYXR2oj24o4w4ci3IZV9aoj24o4w4ci3IZV9moj24o4w46HRtbCoIo4J9fX0seyJp6WVsZCoIopFs6WFzo4w4YWx1YXM4O4J0Y394bG9nYiF0ZWdvcp33cyosopxhbpdlYWd3oj17op3uoj24on0sopxhYpVsoj24QWx1YXM4LCJi6WVgoj2xLCJkZXRh6Ww4OjEsonNvcnRhYpx3oj2xLCJzZWFyYi54OjEsopRvdimsbiFkoj2xLCJpcp9IZWa4OjEsond1ZHR2oj24MTAwo4w4YWx1Zia4O4JsZWZ0o4w4ci9ydGx1cgQ4O4oyo4w4Yi9ub4oIeyJiYWx1ZCoIojA4LCJkY4oIo4osopt3eSoIo4osopR1cgBsYXk4O4o4fSw4YXR0cp34dXR3oj17ophmcGVybG3u6yoIeyJhYgR1dpU4OjEsopx1bps4O4o4LCJ0YXJnZXQ4O4o4LCJ2dGlsoj24on0sop3tYWd3oj17opFjdG3iZSoIMCw4cGF06CoIo4osonN1epVfeCoIo4osonN1epVfeSoIo4osoph0bWw4O4o4fXl9LHs4Zp33bGQ4O4J3bpF4bGU4LCJhbG3hcyoIonR4XiJsbidjYXR3Zi9y6WVzo4w4bGFuZgVhZiU4Ons46Wa4O4o4fSw4bGF4ZWw4O4JFbpF4bGU4LCJi6WVgoj2wLCJkZXRh6Ww4OjAsonNvcnRhYpx3oj2wLCJzZWFyYi54OjEsopRvdimsbiFkoj2wLCJpcp9IZWa4OjEsond1ZHR2oj24MTAwo4w4YWx1Zia4O4JsZWZ0o4w4ci9ydGx1cgQ4O4ozo4w4Yi9ub4oIeyJiYWx1ZCoIojA4LCJkY4oIo4osopt3eSoIo4osopR1cgBsYXk4O4o4fSw4YXR0cp34dXR3oj17ophmcGVybG3u6yoIeyJhYgR1dpU4OjEsopx1bps4O4o4LCJ0YXJnZXQ4O4o4LCJ2dGlsoj24on0sop3tYWd3oj17opFjdG3iZSoIMCw4cGF06CoIo4osonN1epVfeCoIo4osonN1epVfeSoIo4osoph0bWw4O4o4fXl9XX0=', null);
INSERT INTO `tb_module` VALUES ('23', 'blogcomment', 'Blog Comments', 'View All comments', null, '2014-07-12 08:35:21', null, 'tb_blogcomments', 'commentID', 'core', 'eyJzcWxfciVsZWN0oj24oFNFTEVDVCB0Y394bG9nYi9tbWVudHMuK4BGUk9NoHR4XiJsbidjbiltZWm0cyA4LCJzcWxfdih3cpU4O4o5V0hFUkU5dGJfYpxvZiNvbWl3bnRzLpNvbWl3bnRJRCBJUyBOTlQ5T3VMTCosonNxbF9ncp9lcCoIo4osonRhYpx3XiR4oj24dGJfYpxvZiNvbWl3bnRzo4w4cHJ1bWFyeV9rZXk4O4JjbiltZWm0SUQ4LCJncp3koj1beyJp6WVsZCoIopNvbWl3bnRJRCosopFs6WFzoj24dGJfYpxvZiNvbWl3bnRzo4w4bGFuZgVhZiU4Ons46Wa4O4o4fSw4bGF4ZWw4O4JDbiltZWm0SUQ4LCJi6WVgoj2wLCJkZXRh6Ww4OjAsonNvcnRhYpx3oj2wLCJzZWFyYi54OjEsopRvdimsbiFkoj2wLCJpcp9IZWa4OjEsond1ZHR2oj24MTAwo4w4YWx1Zia4O4JsZWZ0o4w4ci9ydGx1cgQ4O4owo4w4Yi9ub4oIeyJiYWx1ZCoIojA4LCJkY4oIo4osopt3eSoIo4osopR1cgBsYXk4O4o4fSw4YXR0cp34dXR3oj17ophmcGVybG3u6yoIeyJhYgR1dpU4OjEsopx1bps4O4o4LCJ0YXJnZXQ4O4o4LCJ2dGlsoj24on0sop3tYWd3oj17opFjdG3iZSoIMCw4cGF06CoIo4osonN1epVfeCoIo4osonN1epVfeSoIo4osoph0bWw4O4o4fXl9LHs4Zp33bGQ4O4JwYXJ3bnRJRCosopFs6WFzoj24dGJfYpxvZiNvbWl3bnRzo4w4bGFuZgVhZiU4Ons46Wa4O4o4fSw4bGF4ZWw4O4JQYXJ3bnRJRCosonZ1ZXc4OjAsopR3dGF1bCoIMCw4ci9ydGF4bGU4OjAsonN3YXJj6CoIMSw4ZG9gbpxvYWQ4OjAsopZybg13b4oIMSw4di3kdG54O4oxMDA4LCJhbG3nb4oIopx3ZnQ4LCJzbgJ0bG3zdCoIojE4LCJjbimuoj17onZhbG3koj24MCosopR4oj24o4w46iVmoj24o4w4ZG3zcGxheSoIo4J9LCJhdHRy6WJldGU4Ons46H3wZXJs6Wmroj17opFjdG3iZSoIMSw4bG3u6yoIo4osonRhcpd3dCoIo4osoph0bWw4O4o4fSw46WlhZiU4Ons4YWN06XZ3oj2wLCJwYXR2oj24o4w4ci3IZV9aoj24o4w4ci3IZV9moj24o4w46HRtbCoIo4J9fX0seyJp6WVsZCoIonVzZXJf6WQ4LCJhbG3hcyoIonR4XiJsbidjbiltZWm0cyosopxhbpdlYWd3oj17op3uoj24on0sopxhYpVsoj24UG9zdCBCeSosonZ1ZXc4OjEsopR3dGF1bCoIMSw4ci9ydGF4bGU4OjEsonN3YXJj6CoIMSw4ZG9gbpxvYWQ4OjEsopZybg13b4oIMSw4di3kdG54O4oxMDA4LCJhbG3nb4oIopx3ZnQ4LCJzbgJ0bG3zdCoIojo4LCJjbimuoj17onZhbG3koj24MSosopR4oj24dGJfdXN3cnM4LCJrZXk4O4J1ZCosopR1cgBsYXk4O4J3bWF1bCJ9LCJhdHRy6WJldGU4Ons46H3wZXJs6Wmroj17opFjdG3iZSoIMSw4bG3u6yoIo4osonRhcpd3dCoIo4osoph0bWw4O4o4fSw46WlhZiU4Ons4YWN06XZ3oj2wLCJwYXR2oj24o4w4ci3IZV9aoj24o4w4ci3IZV9moj24o4w46HRtbCoIo4J9fX0seyJp6WVsZCoIopJsbidJRCosopFs6WFzoj24dGJfYpxvZiNvbWl3bnRzo4w4bGFuZgVhZiU4Ons46Wa4O4o4fSw4bGF4ZWw4O4JQbgN0oFR1dGx3o4w4dp33dyoIMSw4ZGV0YW3soj2xLCJzbgJ0YWJsZSoIMSw4ciVhcpN2oj2xLCJkbgdubG9hZCoIMSw4ZnJvepVuoj2xLCJg6WR06CoIojEwMCosopFs6Wduoj24bGVpdCosonNvcnRs6XN0oj24MyosopNvbpa4Ons4dpFs6WQ4O4oxo4w4ZGo4O4J0Y394bG9ncyosopt3eSoIopJsbidJRCosopR1cgBsYXk4O4J06XRsZSJ9LCJhdHRy6WJldGU4Ons46H3wZXJs6Wmroj17opFjdG3iZSoIMSw4bG3u6yoIo4osonRhcpd3dCoIo4osoph0bWw4O4o4fSw46WlhZiU4Ons4YWN06XZ3oj2wLCJwYXR2oj24o4w4ci3IZV9aoj24o4w4ci3IZV9moj24o4w46HRtbCoIo4J9fX0seyJp6WVsZCoIopmhbWU4LCJhbG3hcyoIonR4XiJsbidjbiltZWm0cyosopxhbpdlYWd3oj17op3uoj24on0sopxhYpVsoj24TpFtZSosonZ1ZXc4OjAsopR3dGF1bCoIMCw4ci9ydGF4bGU4OjAsonN3YXJj6CoIMSw4ZG9gbpxvYWQ4OjAsopZybg13b4oIMSw4di3kdG54O4oxMDA4LCJhbG3nb4oIopx3ZnQ4LCJzbgJ0bG3zdCoIojQ4LCJjbimuoj17onZhbG3koj24MCosopR4oj24o4w46iVmoj24o4w4ZG3zcGxheSoIo4J9LCJhdHRy6WJldGU4Ons46H3wZXJs6Wmroj17opFjdG3iZSoIMSw4bG3u6yoIo4osonRhcpd3dCoIo4osoph0bWw4O4o4fSw46WlhZiU4Ons4YWN06XZ3oj2wLCJwYXR2oj24o4w4ci3IZV9aoj24o4w4ci3IZV9moj24o4w46HRtbCoIo4J9fX0seyJp6WVsZCoIopVtYW3so4w4YWx1YXM4O4J0Y394bG9nYi9tbWVudHM4LCJsYWmndWFnZSoIeyJ1b4oIo4J9LCJsYWJ3bCoIokVtYW3so4w4dp33dyoIMCw4ZGV0YW3soj2wLCJzbgJ0YWJsZSoIMCw4ciVhcpN2oj2xLCJkbgdubG9hZCoIMCw4ZnJvepVuoj2xLCJg6WR06CoIojEwMCosopFs6Wduoj24bGVpdCosonNvcnRs6XN0oj24NSosopNvbpa4Ons4dpFs6WQ4O4owo4w4ZGo4O4o4LCJrZXk4O4o4LCJk6XNwbGFmoj24on0sopF0dHJ1YnV0ZSoIeyJ2eXB3cpx1bps4Ons4YWN06XZ3oj2xLCJs6Wmroj24o4w4dGFyZiV0oj24o4w46HRtbCoIo4J9LCJ1bWFnZSoIeyJhYgR1dpU4OjAsonBhdG54O4o4LCJz6X13Xg54O4o4LCJz6X13Xgk4O4o4LCJ2dGlsoj24onl9fSx7opZ1ZWxkoj24Yi9tbWVudCosopFs6WFzoj24dGJfYpxvZiNvbWl3bnRzo4w4bGFuZgVhZiU4Ons46Wa4O4o4fSw4bGF4ZWw4O4JDbiltZWm0o4w4dp33dyoIMSw4ZGV0YW3soj2xLCJzbgJ0YWJsZSoIMSw4ciVhcpN2oj2xLCJkbgdubG9hZCoIMSw4ZnJvepVuoj2xLCJg6WR06CoIojEwMCosopFs6Wduoj24bGVpdCosonNvcnRs6XN0oj24N4osopNvbpa4Ons4dpFs6WQ4O4owo4w4ZGo4O4o4LCJrZXk4O4o4LCJk6XNwbGFmoj24on0sopF0dHJ1YnV0ZSoIeyJ2eXB3cpx1bps4Ons4YWN06XZ3oj2xLCJs6Wmroj24o4w4dGFyZiV0oj24o4w46HRtbCoIo4J9LCJ1bWFnZSoIeyJhYgR1dpU4OjAsonBhdG54O4o4LCJz6X13Xg54O4o4LCJz6X13Xgk4O4o4LCJ2dGlsoj24onl9fSx7opZ1ZWxkoj24YgJ3YXR3ZCosopFs6WFzoj24dGJfYpxvZiNvbWl3bnRzo4w4bGFuZgVhZiU4Ons46Wa4O4o4fSw4bGF4ZWw4O4JDcpVhdGVko4w4dp33dyoIMSw4ZGV0YW3soj2xLCJzbgJ0YWJsZSoIMSw4ciVhcpN2oj2xLCJkbgdubG9hZCoIMSw4ZnJvepVuoj2xLCJg6WR06CoIojEwMCosopFs6Wduoj24bGVpdCosonNvcnRs6XN0oj24NyosopNvbpa4Ons4dpFs6WQ4O4owo4w4ZGo4O4o4LCJrZXk4O4o4LCJk6XNwbGFmoj24on0sopF0dHJ1YnV0ZSoIeyJ2eXB3cpx1bps4Ons4YWN06XZ3oj2xLCJs6Wmroj24o4w4dGFyZiV0oj24o4w46HRtbCoIo4J9LCJ1bWFnZSoIeyJhYgR1dpU4OjAsonBhdG54O4o4LCJz6X13Xg54O4o4LCJz6X13Xgk4O4o4LCJ2dGlsoj24onl9fV0sopZvcplzoj1beyJp6WVsZCoIopNvbWl3bnRJRCosopFs6WFzoj24dGJfYpxvZiNvbWl3bnRzo4w4bGFuZgVhZiU4Ons46Wa4O4o4fSw4bGF4ZWw4O4JDbiltZWm0SUQ4LCJpbgJtXidybgVwoj24o4w4cpVxdW3yZWQ4O4owo4w4dp33dyoIMSw4dH3wZSoIoph1ZGR3b4osopFkZCoIMSw4ci3IZSoIojA4LCJ3ZG30oj2xLCJzZWFyYi54O4oxo4w4ci9ydGx1cgQ4O4owo4w4bgB06W9uoj17op9wdF90eXB3oj24o4w4bG9v6gVwXgFlZXJmoj24o4w4bG9v6gVwXgRhYpx3oj24o4w4bG9v6gVwXit3eSoIo4osopxvbitlcF9iYWxlZSoIo4osop3zXiR3cGVuZGVuYgk4O4o4LCJsbi9rdXBfZGVwZWmkZWmjeV9rZXk4O4o4LCJwYXR2XgRvXgVwbG9hZCoIo4osonJ3ci3IZV9g6WR06CoIo4osonJ3ci3IZV92ZW3n6HQ4O4o4LCJlcGxvYWRfdH3wZSoIo4osonRvbix06XA4O4o4LCJhdHRy6WJldGU4O4o4LCJ3eHR3bpRfYixhcgM4O4o4fX0seyJp6WVsZCoIonBhcpVudE3Eo4w4YWx1YXM4O4J0Y394bG9nYi9tbWVudHM4LCJsYWmndWFnZSoIeyJ1b4oIo4J9LCJsYWJ3bCoIo3BhcpVudE3Eo4w4Zp9ybV9ncp9lcCoIo4osonJ3cXV1cpVkoj24MCosonZ1ZXc4OjAsonRmcGU4O4J0ZXh0o4w4YWRkoj2xLCJz6X13oj24MCosopVk6XQ4OjEsonN3YXJj6CoIMCw4ci9ydGx1cgQ4O4oxo4w4bgB06W9uoj17op9wdF90eXB3oj24o4w4bG9v6gVwXgFlZXJmoj24o4w4bG9v6gVwXgRhYpx3oj24o4w4bG9v6gVwXit3eSoIo4osopxvbitlcF9iYWxlZSoIo4osop3zXiR3cGVuZGVuYgk4O4o4LCJsbi9rdXBfZGVwZWmkZWmjeV9rZXk4O4o4LCJwYXR2XgRvXgVwbG9hZCoIo4osonJ3ci3IZV9g6WR06CoIo4osonJ3ci3IZV92ZW3n6HQ4O4o4LCJlcGxvYWRfdH3wZSoIo4osonRvbix06XA4O4o4LCJhdHRy6WJldGU4O4o4LCJ3eHR3bpRfYixhcgM4O4o4fX0seyJp6WVsZCoIonVzZXJf6WQ4LCJhbG3hcyoIonR4XiJsbidjbiltZWm0cyosopxhbpdlYWd3oj17op3uoj24on0sopxhYpVsoj24VXN3c4BJZCosopZvcplfZgJvdXA4O4o4LCJyZXFl6XJ3ZCoIojA4LCJi6WVgoj2xLCJ0eXB3oj24ciVsZWN0o4w4YWRkoj2xLCJz6X13oj24MCosopVk6XQ4OjEsonN3YXJj6CoIojE4LCJzbgJ0bG3zdCoIojo4LCJvcHR1bia4Ons4bgB0XgRmcGU4O4J3eHR3cpmhbCosopxvbitlcF9xdWVyeSoIo4osopxvbitlcF90YWJsZSoIonR4XgVzZXJzo4w4bG9v6gVwXit3eSoIop3ko4w4bG9v6gVwXgZhbHV3oj24ZWlh6Ww4LCJ1cl9kZXB3bpR3bpNmoj24o4w4bG9v6gVwXiR3cGVuZGVuYg3f6iVmoj24o4w4cGF06F90bl9lcGxvYWQ4O4o4LCJyZXN1epVfdi3kdG54O4o4LCJyZXN1epVf6GV1Zih0oj24o4w4dXBsbiFkXgRmcGU4O4o4LCJ0bi9sdG3woj24o4w4YXR0cp34dXR3oj24o4w4ZXh0ZWmkXiNsYXNzoj24onl9LHs4Zp33bGQ4O4J4bG9nSUQ4LCJhbG3hcyoIonR4XiJsbidjbiltZWm0cyosopxhbpdlYWd3oj17op3uoj24on0sopxhYpVsoj24QpxvZ03Eo4w4Zp9ybV9ncp9lcCoIo4osonJ3cXV1cpVkoj24MCosonZ1ZXc4OjEsonRmcGU4O4JzZWx3YgQ4LCJhZGQ4OjEsonN1epU4O4owo4w4ZWR1dCoIMSw4ciVhcpN2oj24MSosonNvcnRs6XN0oj24Myosop9wdG3vb4oIeyJvcHRfdH3wZSoIopVadGVybpFso4w4bG9v6gVwXgFlZXJmoj24o4w4bG9v6gVwXgRhYpx3oj24dGJfYpxvZgM4LCJsbi9rdXBf6iVmoj24YpxvZ03Eo4w4bG9v6gVwXgZhbHV3oj24dG30bGU4LCJ1cl9kZXB3bpR3bpNmoj24o4w4bG9v6gVwXiR3cGVuZGVuYg3f6iVmoj24o4w4cGF06F90bl9lcGxvYWQ4O4o4LCJyZXN1epVfdi3kdG54O4o4LCJyZXN1epVf6GV1Zih0oj24o4w4dXBsbiFkXgRmcGU4O4o4LCJ0bi9sdG3woj24o4w4YXR0cp34dXR3oj24o4w4ZXh0ZWmkXiNsYXNzoj24onl9LHs4Zp33bGQ4O4JuYWl3o4w4YWx1YXM4O4J0Y394bG9nYi9tbWVudHM4LCJsYWmndWFnZSoIeyJ1b4oIo4J9LCJsYWJ3bCoIokmhbWU4LCJpbgJtXidybgVwoj24o4w4cpVxdW3yZWQ4O4owo4w4dp33dyoIMCw4dH3wZSoIonR3eHQ4LCJhZGQ4OjEsonN1epU4O4owo4w4ZWR1dCoIMSw4ciVhcpN2oj2wLCJzbgJ0bG3zdCoIojQ4LCJvcHR1bia4Ons4bgB0XgRmcGU4O4o4LCJsbi9rdXBfcXV3cnk4O4o4LCJsbi9rdXBfdGF4bGU4O4o4LCJsbi9rdXBf6iVmoj24o4w4bG9v6gVwXgZhbHV3oj24o4w46XNfZGVwZWmkZWmjeSoIo4osopxvbitlcF9kZXB3bpR3bpNmXit3eSoIo4osonBhdGhfdG9fdXBsbiFkoj24o4w4cpVz6X13Xgd1ZHR2oj24o4w4cpVz6X13Xih36Wd2dCoIo4osonVwbG9hZF90eXB3oj24o4w4dG9vbHR1cCoIo4osopF0dHJ1YnV0ZSoIo4osopVadGVuZF9jbGFzcyoIo4J9fSx7opZ1ZWxkoj24ZWlh6Ww4LCJhbG3hcyoIonR4XiJsbidjbiltZWm0cyosopxhbpdlYWd3oj17op3uoj24on0sopxhYpVsoj24RWlh6Ww4LCJpbgJtXidybgVwoj24o4w4cpVxdW3yZWQ4O4owo4w4dp33dyoIMCw4dH3wZSoIonR3eHQ4LCJhZGQ4OjEsonN1epU4O4owo4w4ZWR1dCoIMSw4ciVhcpN2oj2wLCJzbgJ0bG3zdCoIojU4LCJvcHR1bia4Ons4bgB0XgRmcGU4O4o4LCJsbi9rdXBfcXV3cnk4O4o4LCJsbi9rdXBfdGF4bGU4O4o4LCJsbi9rdXBf6iVmoj24o4w4bG9v6gVwXgZhbHV3oj24o4w46XNfZGVwZWmkZWmjeSoIo4osopxvbitlcF9kZXB3bpR3bpNmXit3eSoIo4osonBhdGhfdG9fdXBsbiFkoj24o4w4cpVz6X13Xgd1ZHR2oj24o4w4cpVz6X13Xih36Wd2dCoIo4osonVwbG9hZF90eXB3oj24o4w4dG9vbHR1cCoIo4osopF0dHJ1YnV0ZSoIo4osopVadGVuZF9jbGFzcyoIo4J9fSx7opZ1ZWxkoj24Yi9tbWVudCosopFs6WFzoj24dGJfYpxvZiNvbWl3bnRzo4w4bGFuZgVhZiU4Ons46Wa4O4o4fSw4bGF4ZWw4O4JDbiltZWm0o4w4Zp9ybV9ncp9lcCoIo4osonJ3cXV1cpVkoj24MCosonZ1ZXc4OjEsonRmcGU4O4J0ZXh0YXJ3YSosopFkZCoIMSw4ci3IZSoIojA4LCJ3ZG30oj2xLCJzZWFyYi54O4oxo4w4ci9ydGx1cgQ4O4oio4w4bgB06W9uoj17op9wdF90eXB3oj24o4w4bG9v6gVwXgFlZXJmoj24o4w4bG9v6gVwXgRhYpx3oj24o4w4bG9v6gVwXit3eSoIo4osopxvbitlcF9iYWxlZSoIo4osop3zXiR3cGVuZGVuYgk4O4o4LCJsbi9rdXBfZGVwZWmkZWmjeV9rZXk4O4o4LCJwYXR2XgRvXgVwbG9hZCoIo4osonJ3ci3IZV9g6WR06CoIo4osonJ3ci3IZV92ZW3n6HQ4O4o4LCJlcGxvYWRfdH3wZSoIo4osonRvbix06XA4O4o4LCJhdHRy6WJldGU4O4o4LCJ3eHR3bpRfYixhcgM4O4o4fX0seyJp6WVsZCoIopNyZWF0ZWQ4LCJhbG3hcyoIonR4XiJsbidjbiltZWm0cyosopxhbpdlYWd3oj17op3uoj24on0sopxhYpVsoj24QgJ3YXR3ZCosopZvcplfZgJvdXA4O4o4LCJyZXFl6XJ3ZCoIojA4LCJi6WVgoj2xLCJ0eXB3oj24dGVadF9kYXR3dG3tZSosopFkZCoIMSw4ci3IZSoIojA4LCJ3ZG30oj2xLCJzZWFyYi54O4oxo4w4ci9ydGx1cgQ4O4ogo4w4bgB06W9uoj17op9wdF90eXB3oj24o4w4bG9v6gVwXgFlZXJmoj24o4w4bG9v6gVwXgRhYpx3oj24o4w4bG9v6gVwXit3eSoIo4osopxvbitlcF9iYWxlZSoIo4osop3zXiR3cGVuZGVuYgk4O4o4LCJsbi9rdXBfZGVwZWmkZWmjeV9rZXk4O4o4LCJwYXR2XgRvXgVwbG9hZCoIo4osonJ3ci3IZV9g6WR06CoIo4osonJ3ci3IZV92ZW3n6HQ4O4o4LCJlcGxvYWRfdH3wZSoIo4osonRvbix06XA4O4o4LCJhdHRy6WJldGU4O4o4LCJ3eHR3bpRfYixhcgM4O4o4fXldfQ==', null);
INSERT INTO `tb_module` VALUES ('24', 'blogadmin', 'Blog Backend', 'Manage Blog Posts', null, '2014-07-23 09:33:20', null, 'tb_blogs', 'blogID', 'core', 'eyJzcWxfciVsZWN0oj24oFNFTEVDVCB0Y394bG9ncyaqoEZST005dGJfYpxvZgM5o4w4cgFsXgd2ZXJ3oj24oFdoRVJFoHR4XiJsbidzLpJsbidJRCBJUyBOTlQ5T3VMTCosonNxbF9ncp9lcCoIo4osonRhYpx3XiR4oj24dGJfYpxvZgM4LCJwcp3tYXJmXit3eSoIopJsbidJRCosopdy6WQ4O3t7opZ1ZWxkoj24YpxvZ03Eo4w4YWx1YXM4O4J0Y394bG9ncyosopxhbpdlYWd3oj17op3uoj24on0sopxhYpVsoj24QpxvZ03Eo4w4dp33dyoIMCw4ZGV0YW3soj2wLCJzbgJ0YWJsZSoIMCw4ciVhcpN2oj2xLCJkbgdubG9hZCoIMCw4ZnJvepVuoj2xLCJg6WR06CoIojEwMCosopFs6Wduoj24bGVpdCosonNvcnRs6XN0oj24MCosopNvbpa4Ons4dpFs6WQ4O4owo4w4ZGo4O4o4LCJrZXk4O4o4LCJk6XNwbGFmoj24on0sopF0dHJ1YnV0ZSoIeyJ2eXB3cpx1bps4Ons4YWN06XZ3oj2xLCJs6Wmroj24o4w4dGFyZiV0oj24o4w46HRtbCoIo4J9LCJ1bWFnZSoIeyJhYgR1dpU4OjAsonBhdG54O4o4LCJz6X13Xg54O4o4LCJz6X13Xgk4O4o4LCJ2dGlsoj24onl9fSx7opZ1ZWxkoj24QiF0SUQ4LCJhbG3hcyoIonR4XiJsbidzo4w4bGFuZgVhZiU4Ons46Wa4O4o4fSw4bGF4ZWw4O4JDYXRJRCosonZ1ZXc4OjEsopR3dGF1bCoIMSw4ci9ydGF4bGU4OjEsonN3YXJj6CoIMSw4ZG9gbpxvYWQ4OjEsopZybg13b4oIMSw4di3kdG54O4oxMDA4LCJhbG3nb4oIopx3ZnQ4LCJzbgJ0bG3zdCoIojE4LCJjbimuoj17onZhbG3koj24MSosopR4oj24dGJfYpxvZiNhdGVnbgJ1ZXM4LCJrZXk4O4JDYXRJRCosopR1cgBsYXk4O4JuYWl3on0sopF0dHJ1YnV0ZSoIeyJ2eXB3cpx1bps4Ons4YWN06XZ3oj2xLCJs6Wmroj24o4w4dGFyZiV0oj24o4w46HRtbCoIo4J9LCJ1bWFnZSoIeyJhYgR1dpU4OjAsonBhdG54O4o4LCJz6X13Xg54O4o4LCJz6X13Xgk4O4o4LCJ2dGlsoj24onl9fSx7opZ1ZWxkoj24dG30bGU4LCJhbG3hcyoIonR4XiJsbidzo4w4bGFuZgVhZiU4Ons46Wa4O4o4fSw4bGF4ZWw4O4JU6XRsZSosonZ1ZXc4OjEsopR3dGF1bCoIMSw4ci9ydGF4bGU4OjEsonN3YXJj6CoIMSw4ZG9gbpxvYWQ4OjEsopZybg13b4oIMSw4di3kdG54O4oxMDA4LCJhbG3nb4oIopx3ZnQ4LCJzbgJ0bG3zdCoIojo4LCJjbimuoj17onZhbG3koj24MCosopR4oj24o4w46iVmoj24o4w4ZG3zcGxheSoIo4J9LCJhdHRy6WJldGU4Ons46H3wZXJs6Wmroj17opFjdG3iZSoIMSw4bG3u6yoIo4osonRhcpd3dCoIo4osoph0bWw4O4o4fSw46WlhZiU4Ons4YWN06XZ3oj2wLCJwYXR2oj24o4w4ci3IZV9aoj24o4w4ci3IZV9moj24o4w46HRtbCoIo4J9fX0seyJp6WVsZCoIonNsdWc4LCJhbG3hcyoIonR4XiJsbidzo4w4bGFuZgVhZiU4Ons46Wa4O4o4fSw4bGF4ZWw4O4JTbHVno4w4dp33dyoIMSw4ZGV0YW3soj2xLCJzbgJ0YWJsZSoIMSw4ciVhcpN2oj2xLCJkbgdubG9hZCoIMSw4ZnJvepVuoj2xLCJg6WR06CoIojEwMCosopFs6Wduoj24bGVpdCosonNvcnRs6XN0oj24MyosopNvbpa4Ons4dpFs6WQ4O4owo4w4ZGo4O4o4LCJrZXk4O4o4LCJk6XNwbGFmoj24on0sopF0dHJ1YnV0ZSoIeyJ2eXB3cpx1bps4Ons4YWN06XZ3oj2xLCJs6Wmroj24o4w4dGFyZiV0oj24o4w46HRtbCoIo4J9LCJ1bWFnZSoIeyJhYgR1dpU4OjAsonBhdG54O4o4LCJz6X13Xg54O4o4LCJz6X13Xgk4O4o4LCJ2dGlsoj24onl9fSx7opZ1ZWxkoj24Yi9udGVudCosopFs6WFzoj24dGJfYpxvZgM4LCJsYWmndWFnZSoIeyJ1b4oIo4J9LCJsYWJ3bCoIokNvbnR3bnQ4LCJi6WVgoj2wLCJkZXRh6Ww4OjAsonNvcnRhYpx3oj2wLCJzZWFyYi54OjEsopRvdimsbiFkoj2wLCJpcp9IZWa4OjEsond1ZHR2oj24MTAwo4w4YWx1Zia4O4JsZWZ0o4w4ci9ydGx1cgQ4O4o0o4w4Yi9ub4oIeyJiYWx1ZCoIojA4LCJkY4oIo4osopt3eSoIo4osopR1cgBsYXk4O4o4fSw4YXR0cp34dXR3oj17ophmcGVybG3u6yoIeyJhYgR1dpU4OjEsopx1bps4O4o4LCJ0YXJnZXQ4O4o4LCJ2dGlsoj24on0sop3tYWd3oj17opFjdG3iZSoIMCw4cGF06CoIo4osonN1epVfeCoIo4osonN1epVfeSoIo4osoph0bWw4O4o4fXl9LHs4Zp33bGQ4O4JjcpVhdGVko4w4YWx1YXM4O4J0Y394bG9ncyosopxhbpdlYWd3oj17op3uoj24on0sopxhYpVsoj24QgJ3YXR3ZCosonZ1ZXc4OjEsopR3dGF1bCoIMSw4ci9ydGF4bGU4OjEsonN3YXJj6CoIMSw4ZG9gbpxvYWQ4OjEsopZybg13b4oIMSw4di3kdG54O4oxMDA4LCJhbG3nb4oIopx3ZnQ4LCJzbgJ0bG3zdCoIojU4LCJjbimuoj17onZhbG3koj24MCosopR4oj24o4w46iVmoj24o4w4ZG3zcGxheSoIo4J9LCJhdHRy6WJldGU4Ons46H3wZXJs6Wmroj17opFjdG3iZSoIMSw4bG3u6yoIo4osonRhcpd3dCoIo4osoph0bWw4O4o4fSw46WlhZiU4Ons4YWN06XZ3oj2wLCJwYXR2oj24o4w4ci3IZV9aoj24o4w4ci3IZV9moj24o4w46HRtbCoIo4J9fX0seyJp6WVsZCoIonRhZgM4LCJhbG3hcyoIonR4XiJsbidzo4w4bGFuZgVhZiU4Ons46Wa4O4o4fSw4bGF4ZWw4O4JUYWdzo4w4dp33dyoIMCw4ZGV0YW3soj2wLCJzbgJ0YWJsZSoIMCw4ciVhcpN2oj2xLCJkbgdubG9hZCoIMCw4ZnJvepVuoj2xLCJg6WR06CoIojEwMCosopFs6Wduoj24bGVpdCosonNvcnRs6XN0oj24N4osopNvbpa4Ons4dpFs6WQ4O4owo4w4ZGo4O4o4LCJrZXk4O4o4LCJk6XNwbGFmoj24on0sopF0dHJ1YnV0ZSoIeyJ2eXB3cpx1bps4Ons4YWN06XZ3oj2xLCJs6Wmroj24o4w4dGFyZiV0oj24o4w46HRtbCoIo4J9LCJ1bWFnZSoIeyJhYgR1dpU4OjAsonBhdG54O4o4LCJz6X13Xg54O4o4LCJz6X13Xgk4O4o4LCJ2dGlsoj24onl9fSx7opZ1ZWxkoj24cgRhdHVzo4w4YWx1YXM4O4J0Y394bG9ncyosopxhbpdlYWd3oj17op3uoj24on0sopxhYpVsoj24UgRhdHVzo4w4dp33dyoIMSw4ZGV0YW3soj2xLCJzbgJ0YWJsZSoIMSw4ciVhcpN2oj2xLCJkbgdubG9hZCoIMSw4ZnJvepVuoj2xLCJg6WR06CoIojEwMCosopFs6Wduoj24bGVpdCosonNvcnRs6XN0oj24NyosopNvbpa4Ons4dpFs6WQ4O4owo4w4ZGo4O4o4LCJrZXk4O4o4LCJk6XNwbGFmoj24on0sopF0dHJ1YnV0ZSoIeyJ2eXB3cpx1bps4Ons4YWN06XZ3oj2xLCJs6Wmroj24o4w4dGFyZiV0oj24o4w46HRtbCoIo4J9LCJ1bWFnZSoIeyJhYgR1dpU4OjAsonBhdG54O4o4LCJz6X13Xg54O4o4LCJz6X13Xgk4O4o4LCJ2dGlsoj24onl9fSx7opZ1ZWxkoj24ZWm0cn3CeSosopFs6WFzoj24dGJfYpxvZgM4LCJsYWmndWFnZSoIeyJ1b4oIo4J9LCJsYWJ3bCoIokVudHJmQnk4LCJi6WVgoj2wLCJkZXRh6Ww4OjAsonNvcnRhYpx3oj2wLCJzZWFyYi54OjEsopRvdimsbiFkoj2wLCJpcp9IZWa4OjEsond1ZHR2oj24MTAwo4w4YWx1Zia4O4JsZWZ0o4w4ci9ydGx1cgQ4O4oao4w4Yi9ub4oIeyJiYWx1ZCoIojA4LCJkY4oIo4osopt3eSoIo4osopR1cgBsYXk4O4o4fSw4YXR0cp34dXR3oj17ophmcGVybG3u6yoIeyJhYgR1dpU4OjEsopx1bps4O4o4LCJ0YXJnZXQ4O4o4LCJ2dGlsoj24on0sop3tYWd3oj17opFjdG3iZSoIMCw4cGF06CoIo4osonN1epVfeCoIo4osonN1epVfeSoIo4osoph0bWw4O4o4fXl9XSw4Zp9ybXM4O3t7opZ1ZWxkoj24YpxvZ03Eo4w4YWx1YXM4O4J0Y394bG9ncyosopxhYpVsoj24QpxvZ03Eo4w4Zp9ybV9ncp9lcCoIo4osonJ3cXV1cpVkoj24MCosonZ1ZXc4OjEsonRmcGU4O4J26WRkZWa4LCJhZGQ4OjEsopVk6XQ4OjEsonN3YXJj6CoIojE4LCJz6X13oj24o4w4ci9ydGx1cgQ4O4owo4w4bgB06W9uoj17op9wdF90eXB3oj1udWxsLCJsbi9rdXBfcXV3cnk4O4o4LCJsbi9rdXBfdGF4bGU4OpmlbGwsopxvbitlcF9rZXk4OpmlbGwsopxvbitlcF9iYWxlZSoIbnVsbCw46XNfZGVwZWmkZWmjeSoIbnVsbCw46XNfbXVsdG3wbGU4OpmlbGwsopxvbitlcF9kZXB3bpR3bpNmXit3eSoIbnVsbCw4cGF06F90bl9lcGxvYWQ4O4o4LCJlcGxvYWRfdH3wZSoIbnVsbCw4cpVz6X13Xgd1ZHR2oj24o4w4cpVz6X13Xih36Wd2dCoIo4osonRvbix06XA4O4o4LCJhdHRy6WJldGU4O4o4LCJ3eHR3bpRfYixhcgM4O4o4fX0seyJp6WVsZCoIokNhdE3Eo4w4YWx1YXM4O4J0Y394bG9ncyosopxhYpVsoj24QiF0SUQ4LCJpbgJtXidybgVwoj24o4w4cpVxdW3yZWQ4O4owo4w4dp33dyoIMSw4dH3wZSoIonN3bGVjdCosopFkZCoIMSw4ZWR1dCoIMSw4ciVhcpN2oj24MSosonN1epU4O4o4LCJzbgJ0bG3zdCoIojE4LCJvcHR1bia4Ons4bgB0XgRmcGU4O4J3eHR3cpmhbCosopxvbitlcF9xdWVyeSoIo4osopxvbitlcF90YWJsZSoIonR4XiJsbidjYXR3Zi9y6WVzo4w4bG9v6gVwXit3eSoIokNhdE3Eo4w4bG9v6gVwXgZhbHV3oj24bpFtZSosop3zXiR3cGVuZGVuYgk4OpmlbGwsop3zXillbHR1cGx3oj1udWxsLCJsbi9rdXBfZGVwZWmkZWmjeV9rZXk4O4o4LCJwYXR2XgRvXgVwbG9hZCoIo4osonVwbG9hZF90eXB3oj1udWxsLCJyZXN1epVfdi3kdG54O4o4LCJyZXN1epVf6GV1Zih0oj24o4w4dG9vbHR1cCoIo4osopF0dHJ1YnV0ZSoIo4osopVadGVuZF9jbGFzcyoIo4J9fSx7opZ1ZWxkoj24dG30bGU4LCJhbG3hcyoIonR4XiJsbidzo4w4bGF4ZWw4O4JU6XRsZSosopxhbpdlYWd3oj1bXSw4cpVxdW3yZWQ4O4owo4w4dp33dyoIojE4LCJ0eXB3oj24dGVadCosopFkZCoIojE4LCJ3ZG30oj24MSosonN3YXJj6CoIojE4LCJz6X13oj24cgBhbjEyo4w4ci9ydGx1cgQ4OjosopZvcplfZgJvdXA4O4o4LCJvcHR1bia4Ons4bgB0XgRmcGU4O4o4LCJsbi9rdXBfcXV3cnk4O4o4LCJsbi9rdXBfdGF4bGU4O4o4LCJsbi9rdXBf6iVmoj24o4w4bG9v6gVwXgZhbHV3oj24o4w46XNfZGVwZWmkZWmjeSoIo4osopxvbitlcF9kZXB3bpR3bpNmXit3eSoIo4osonBhdGhfdG9fdXBsbiFkoj24o4w4dXBsbiFkXgRmcGU4O4o4LCJ0bi9sdG3woj24o4w4YXR0cp34dXR3oj24o4w4ZXh0ZWmkXiNsYXNzoj24onl9LHs4Zp33bGQ4O4JzbHVno4w4YWx1YXM4O4J0Y394bG9ncyosopxhYpVsoj24UixlZyosopxhbpdlYWd3oj1bXSw4cpVxdW3yZWQ4O4owo4w4dp33dyoIojE4LCJ0eXB3oj24dGVadCosopFkZCoIojE4LCJ3ZG30oj24MSosonN3YXJj6CoIojE4LCJz6X13oj24cgBhbjEyo4w4ci9ydGx1cgQ4OjMsopZvcplfZgJvdXA4O4o4LCJvcHR1bia4Ons4bgB0XgRmcGU4O4o4LCJsbi9rdXBfcXV3cnk4O4o4LCJsbi9rdXBfdGF4bGU4O4o4LCJsbi9rdXBf6iVmoj24o4w4bG9v6gVwXgZhbHV3oj24o4w46XNfZGVwZWmkZWmjeSoIo4osopxvbitlcF9kZXB3bpR3bpNmXit3eSoIo4osonBhdGhfdG9fdXBsbiFkoj24o4w4dXBsbiFkXgRmcGU4O4o4LCJ0bi9sdG3woj24o4w4YXR0cp34dXR3oj24o4w4ZXh0ZWmkXiNsYXNzoj24onl9LHs4Zp33bGQ4O4Jjbim0ZWm0o4w4YWx1YXM4O4J0Y394bG9ncyosopxhYpVsoj24Qi9udGVudCosopZvcplfZgJvdXA4O4o4LCJyZXFl6XJ3ZCoIojA4LCJi6WVgoj2xLCJ0eXB3oj24dGVadGFyZWFfZWR1dG9yo4w4YWRkoj2xLCJ3ZG30oj2xLCJzZWFyYi54O4oxo4w4ci3IZSoIo4osonNvcnRs6XN0oj24NCosop9wdG3vb4oIeyJvcHRfdH3wZSoIbnVsbCw4bG9v6gVwXgFlZXJmoj24o4w4bG9v6gVwXgRhYpx3oj1udWxsLCJsbi9rdXBf6iVmoj1udWxsLCJsbi9rdXBfdpFsdWU4OpmlbGwsop3zXiR3cGVuZGVuYgk4OpmlbGwsop3zXillbHR1cGx3oj1udWxsLCJsbi9rdXBfZGVwZWmkZWmjeV9rZXk4OpmlbGwsonBhdGhfdG9fdXBsbiFkoj24o4w4dXBsbiFkXgRmcGU4OpmlbGwsonJ3ci3IZV9g6WR06CoIo4osonJ3ci3IZV92ZW3n6HQ4O4o4LCJ0bi9sdG3woj24o4w4YXR0cp34dXR3oj24o4w4ZXh0ZWmkXiNsYXNzoj24onl9LHs4Zp33bGQ4O4JjcpVhdGVko4w4YWx1YXM4O4J0Y394bG9ncyosopxhYpVsoj24QgJ3YXR3ZCosopxhbpdlYWd3oj1bXSw4cpVxdW3yZWQ4O4owo4w4dp33dyoIojE4LCJ0eXB3oj24dGVadF9kYXR3dG3tZSosopFkZCoIojE4LCJ3ZG30oj24MSosonN3YXJj6CoIojE4LCJz6X13oj24cgBhbjEyo4w4ci9ydGx1cgQ4OjUsopZvcplfZgJvdXA4O4o4LCJvcHR1bia4Ons4bgB0XgRmcGU4O4o4LCJsbi9rdXBfcXV3cnk4O4o4LCJsbi9rdXBfdGF4bGU4O4o4LCJsbi9rdXBf6iVmoj24o4w4bG9v6gVwXgZhbHV3oj24o4w46XNfZGVwZWmkZWmjeSoIo4osopxvbitlcF9kZXB3bpR3bpNmXit3eSoIo4osonBhdGhfdG9fdXBsbiFkoj24o4w4dXBsbiFkXgRmcGU4O4o4LCJ0bi9sdG3woj24o4w4YXR0cp34dXR3oj24o4w4ZXh0ZWmkXiNsYXNzoj24onl9LHs4Zp33bGQ4O4J0YWdzo4w4YWx1YXM4O4J0Y394bG9ncyosopxhYpVsoj24VGFncyosopxhbpdlYWd3oj1bXSw4cpVxdW3yZWQ4O4owo4w4dp33dyoIojE4LCJ0eXB3oj24dGVadCosopFkZCoIojE4LCJ3ZG30oj24MSosonN3YXJj6CoIojE4LCJz6X13oj24cgBhbjEyo4w4ci9ydGx1cgQ4OjYsopZvcplfZgJvdXA4O4o4LCJvcHR1bia4Ons4bgB0XgRmcGU4O4o4LCJsbi9rdXBfcXV3cnk4O4o4LCJsbi9rdXBfdGF4bGU4O4o4LCJsbi9rdXBf6iVmoj24o4w4bG9v6gVwXgZhbHV3oj24o4w46XNfZGVwZWmkZWmjeSoIo4osopxvbitlcF9kZXB3bpR3bpNmXit3eSoIo4osonBhdGhfdG9fdXBsbiFkoj24o4w4dXBsbiFkXgRmcGU4O4o4LCJ0bi9sdG3woj24o4w4YXR0cp34dXR3oj24o4w4ZXh0ZWmkXiNsYXNzoj24onl9LHs4Zp33bGQ4O4JzdGF0dXM4LCJhbG3hcyoIonR4XiJsbidzo4w4bGF4ZWw4O4JTdGF0dXM4LCJpbgJtXidybgVwoj24o4w4cpVxdW3yZWQ4O4owo4w4dp33dyoIMSw4dH3wZSoIonJhZG3vo4w4YWRkoj2xLCJ3ZG30oj2xLCJzZWFyYi54O4oxo4w4ci3IZSoIo4osonNvcnRs6XN0oj24Nyosop9wdG3vb4oIeyJvcHRfdH3wZSoIopRhdGFs6XN0o4w4bG9v6gVwXgFlZXJmoj24ZHJhZnQIRHJhZnR8cHV4bG3z6D1QdWJs6XN2ZWR8dWmwdWJs6XN2ZWQIVWmwdWJs6XN2ZWQ4LCJsbi9rdXBfdGF4bGU4O4o4LCJsbi9rdXBf6iVmoj24o4w4bG9v6gVwXgZhbHV3oj24o4w46XNfZGVwZWmkZWmjeSoIbnVsbCw46XNfbXVsdG3wbGU4OpmlbGwsopxvbitlcF9kZXB3bpR3bpNmXit3eSoIo4osonBhdGhfdG9fdXBsbiFkoj24o4w4dXBsbiFkXgRmcGU4OpmlbGwsonJ3ci3IZV9g6WR06CoIo4osonJ3ci3IZV92ZW3n6HQ4O4o4LCJ0bi9sdG3woj24o4w4YXR0cp34dXR3oj24o4w4ZXh0ZWmkXiNsYXNzoj24onl9LHs4Zp33bGQ4O4J3bnRyeUJmo4w4YWx1YXM4O4J0Y394bG9ncyosopxhYpVsoj24RWm0cn3CeSosopxhbpdlYWd3oj1bXSw4cpVxdW3yZWQ4O4owo4w4dp33dyoIojE4LCJ0eXB3oj24dGVadCosopFkZCoIojE4LCJ3ZG30oj24MSosonN3YXJj6CoIojE4LCJz6X13oj24cgBhbjEyo4w4ci9ydGx1cgQ4Oj5sopZvcplfZgJvdXA4O4o4LCJvcHR1bia4Ons4bgB0XgRmcGU4O4o4LCJsbi9rdXBfcXV3cnk4O4o4LCJsbi9rdXBfdGF4bGU4O4o4LCJsbi9rdXBf6iVmoj24o4w4bG9v6gVwXgZhbHV3oj24o4w46XNfZGVwZWmkZWmjeSoIo4osopxvbitlcF9kZXB3bpR3bpNmXit3eSoIo4osonBhdGhfdG9fdXBsbiFkoj24o4w4dXBsbiFkXgRmcGU4O4o4LCJ0bi9sdG3woj24o4w4YXR0cp34dXR3oj24o4w4ZXh0ZWmkXiNsYXNzoj24onl9XX0=', null);
INSERT INTO `tb_module` VALUES ('64', 'Values', 'Values', 'Values', null, '2014-11-14 06:44:40', null, 'tb_values', 'id', 'addon', 'eyJzcWxfciVsZWN0oj24oFNFTEVDVCB0Y39iYWxlZXMuK4BGUk9NoHR4XgZhbHV3cyA4LCJzcWxfdih3cpU4O4o5V0hFUkU5dGJfdpFsdWVzLp3koE3ToEmPVCBOVUxMo4w4cgFsXidybgVwoj24o4w4dGF4bGVfZGo4O4J0Y39iYWxlZXM4LCJwcp3tYXJmXit3eSoIop3ko4w4ciV0dG3uZyoIeyJncp3kdH3wZSoIopFqYX54LCJvcpR3cpJmoj246WQ4LCJvcpR3cnRmcGU4O4JhciM4LCJwZXJwYWd3oj24MTA4LCJpcp9IZWa4O4JpYWxzZSJ9LCJpbgJtXiNvbHVtb4oIMyw4Zp9ybV9sYX3vdXQ4Ons4Yi9sdWluoj2zLCJ06XRsZSoIo3xlMDMmNVxlMDNjMVxlMDN4MlxlMDN4Z3xlMDNjMlxlMDNjNFxlMDNhYlxlMDNjMlxlMDN4OVxlMDN4Z4xcdTAzOWJcdTAzYj3cdTAzYjFcdTAzYpRcdTAzYj3cdTAzYpFcdTAzYiM5XHUwMiolXHUwMiJjXHUwMiMwXHUwMiNjXHUwMiMxXHUwMiomXHUwMiJpLFxlMDNhNlxlMDN4Z3xlMDN4ZFxlMDN4NFxlMDNjMVxlMDNhZFxlMDN4YlxlMDNjMFxlMDN4Z3xlMDNjMVxlMDN4MVxlMDNjM4osopZvcplhdCoIopdy6WQ4LCJk6XNwbGFmoj24dpVydG3jYWw4fSw4Zp9ybXM4O3t7opZ1ZWxkoj246WQ4LCJhbG3hcyoIonR4XgZhbHV3cyosopxhbpdlYWd3oj17opdyoj24on0sopxhYpVsoj24SWQ4LCJpbgJtXidybgVwoj24MCosonJ3cXV1cpVkoj24MCosonZ1ZXc4OjEsonRmcGU4O4J26WRkZWa4LCJhZGQ4OjEsonN1epU4O4owo4w4ZWR1dCoIMSw4ciVhcpN2oj24MSosonNvcnRs6XN0oj24MCosop9wdG3vb4oIeyJvcHRfdH3wZSoIo4osopxvbitlcF9xdWVyeSoIo4osopxvbitlcF90YWJsZSoIo4osopxvbitlcF9rZXk4O4o4LCJsbi9rdXBfdpFsdWU4O4o4LCJ1cl9kZXB3bpR3bpNmoj24o4w46XNfbXVsdG3wbGU4O4o4LCJsbi9rdXBfZGVwZWmkZWmjeV9rZXk4O4o4LCJwYXR2XgRvXgVwbG9hZCoIo4osonJ3ci3IZV9g6WR06CoIo4osonJ3ci3IZV92ZW3n6HQ4O4o4LCJlcGxvYWRfdH3wZSoIo4osonRvbix06XA4O4o4LCJhdHRy6WJldGU4O4o4LCJ3eHR3bpRfYixhcgM4O4o4fX0seyJp6WVsZCoIopZfTWFudWZhYgRlcp3uZlN3dHVwQi9zdCosopFs6WFzoj24dGJfdpFsdWVzo4w4bGFuZgVhZiU4Ons4Zgo4O4o4fSw4bGF4ZWw4O4JNYWmlZpFjdHVy6WmnoFN3dHVwoENvcgQ4LCJpbgJtXidybgVwoj24MCosonJ3cXV1cpVkoj24MCosonZ1ZXc4OjEsonRmcGU4O4J0ZXh0o4w4YWRkoj2xLCJz6X13oj24MCosopVk6XQ4OjEsonN3YXJj6CoIojE4LCJzbgJ0bG3zdCoIojE4LCJvcHR1bia4Ons4bgB0XgRmcGU4O4o4LCJsbi9rdXBfcXV3cnk4O4o4LCJsbi9rdXBfdGF4bGU4O4o4LCJsbi9rdXBf6iVmoj24o4w4bG9v6gVwXgZhbHV3oj24o4w46XNfZGVwZWmkZWmjeSoIo4osop3zXillbHR1cGx3oj24o4w4bG9v6gVwXiR3cGVuZGVuYg3f6iVmoj24o4w4cGF06F90bl9lcGxvYWQ4O4o4LCJyZXN1epVfdi3kdG54O4o4LCJyZXN1epVf6GV1Zih0oj24o4w4dXBsbiFkXgRmcGU4O4o4LCJ0bi9sdG3woj24o4w4YXR0cp34dXR3oj24o4w4ZXh0ZWmkXiNsYXNzoj24onl9LHs4Zp33bGQ4O4JpX0lhbnVpYWN0dXJ1bpdDbgN0UGVySXR3bSosopFs6WFzoj24dGJfdpFsdWVzo4w4bGFuZgVhZiU4Ons4Zgo4O4o4fSw4bGF4ZWw4O4JNYWmlZpFjdHVy6WmnoENvcgQ5UGVyoE30ZW04LCJpbgJtXidybgVwoj24MCosonJ3cXV1cpVkoj24MCosonZ1ZXc4OjEsonRmcGU4O4J0ZXh0o4w4YWRkoj2xLCJz6X13oj24MCosopVk6XQ4OjEsonN3YXJj6CoIojE4LCJzbgJ0bG3zdCoIojo4LCJvcHR1bia4Ons4bgB0XgRmcGU4O4o4LCJsbi9rdXBfcXV3cnk4O4o4LCJsbi9rdXBfdGF4bGU4O4o4LCJsbi9rdXBf6iVmoj24o4w4bG9v6gVwXgZhbHV3oj24o4w46XNfZGVwZWmkZWmjeSoIo4osop3zXillbHR1cGx3oj24o4w4bG9v6gVwXiR3cGVuZGVuYg3f6iVmoj24o4w4cGF06F90bl9lcGxvYWQ4O4o4LCJyZXN1epVfdi3kdG54O4o4LCJyZXN1epVf6GV1Zih0oj24o4w4dXBsbiFkXgRmcGU4O4o4LCJ0bi9sdG3woj24o4w4YXR0cp34dXR3oj24o4w4ZXh0ZWmkXiNsYXNzoj24onl9LHs4Zp33bGQ4O4JpX0hvbGR1bpdDbgN0UGVySXR3bVB3ckRheSosopFs6WFzoj24dGJfdpFsdWVzo4w4bGFuZgVhZiU4Ons4Zgo4O4o4fSw4bGF4ZWw4O4Jobixk6WmnoENvcgQ5UGVyoE30ZW05UGVyoERheSosopZvcplfZgJvdXA4O4owo4w4cpVxdW3yZWQ4O4owo4w4dp33dyoIMSw4dH3wZSoIonR3eHQ4LCJhZGQ4OjEsonN1epU4O4owo4w4ZWR1dCoIMSw4ciVhcpN2oj24MSosonNvcnRs6XN0oj24Myosop9wdG3vb4oIeyJvcHRfdH3wZSoIo4osopxvbitlcF9xdWVyeSoIo4osopxvbitlcF90YWJsZSoIo4osopxvbitlcF9rZXk4O4o4LCJsbi9rdXBfdpFsdWU4O4o4LCJ1cl9kZXB3bpR3bpNmoj24o4w46XNfbXVsdG3wbGU4O4o4LCJsbi9rdXBfZGVwZWmkZWmjeV9rZXk4O4o4LCJwYXR2XgRvXgVwbG9hZCoIo4osonJ3ci3IZV9g6WR06CoIo4osonJ3ci3IZV92ZW3n6HQ4O4o4LCJlcGxvYWRfdH3wZSoIo4osonRvbix06XA4O4o4LCJhdHRy6WJldGU4O4o4LCJ3eHR3bpRfYixhcgM4O4o4fX0seyJp6WVsZCoIopZfUihvcnRhZiVDbgN0UGVySXR3bVB3ckRheSosopFs6WFzoj24dGJfdpFsdWVzo4w4bGFuZgVhZiU4Ons4Zgo4O4o4fSw4bGF4ZWw4O4JT6G9ydGFnZSBDbgN0oFB3c4BJdGVtoFB3c4BEYXk4LCJpbgJtXidybgVwoj24MCosonJ3cXV1cpVkoj24MCosonZ1ZXc4OjEsonRmcGU4O4J0ZXh0o4w4YWRkoj2xLCJz6X13oj24MCosopVk6XQ4OjEsonN3YXJj6CoIojE4LCJzbgJ0bG3zdCoIojQ4LCJvcHR1bia4Ons4bgB0XgRmcGU4O4o4LCJsbi9rdXBfcXV3cnk4O4o4LCJsbi9rdXBfdGF4bGU4O4o4LCJsbi9rdXBf6iVmoj24o4w4bG9v6gVwXgZhbHV3oj24o4w46XNfZGVwZWmkZWmjeSoIo4osop3zXillbHR1cGx3oj24o4w4bG9v6gVwXiR3cGVuZGVuYg3f6iVmoj24o4w4cGF06F90bl9lcGxvYWQ4O4o4LCJyZXN1epVfdi3kdG54O4o4LCJyZXN1epVf6GV1Zih0oj24o4w4dXBsbiFkXgRmcGU4O4o4LCJ0bi9sdG3woj24o4w4YXR0cp34dXR3oj24o4w4ZXh0ZWmkXiNsYXNzoj24onl9LHs4Zp33bGQ4O4JpX0J3cgRQYXJhbVZhbHV3XgM4LCJhbG3hcyoIonR4XgZhbHV3cyosopxhbpdlYWd3oj17opdyoj24on0sopxhYpVsoj24R4BCZXN0UGFyYWlWYWxlZSBTo4w4Zp9ybV9ncp9lcCoIojA4LCJyZXFl6XJ3ZCoIojA4LCJi6WVgoj2wLCJ0eXB3oj24dGVadCosopFkZCoIMSw4ci3IZSoIojA4LCJ3ZG30oj2xLCJzZWFyYi54O4oxo4w4ci9ydGx1cgQ4O4olo4w4bgB06W9uoj17op9wdF90eXB3oj24o4w4bG9v6gVwXgFlZXJmoj24o4w4bG9v6gVwXgRhYpx3oj24o4w4bG9v6gVwXit3eSoIo4osopxvbitlcF9iYWxlZSoIo4osop3zXiR3cGVuZGVuYgk4O4o4LCJ1cl9tdWx06XBsZSoIo4osopxvbitlcF9kZXB3bpR3bpNmXit3eSoIo4osonBhdGhfdG9fdXBsbiFkoj24o4w4cpVz6X13Xgd1ZHR2oj24o4w4cpVz6X13Xih36Wd2dCoIo4osonVwbG9hZF90eXB3oj24o4w4dG9vbHR1cCoIo4osopF0dHJ1YnV0ZSoIo4osopVadGVuZF9jbGFzcyoIo4J9fSx7opZ1ZWxkoj24Z39CZXN0UGFyYWlWYWxlZV9fUyosopFs6WFzoj24dGJfdpFsdWVzo4w4bGFuZgVhZiU4Ons4Zgo4O4o4fSw4bGF4ZWw4O4JGoEJ3cgRQYXJhbVZhbHV3oCBTo4w4Zp9ybV9ncp9lcCoIojA4LCJyZXFl6XJ3ZCoIojA4LCJi6WVgoj2wLCJ0eXB3oj24dGVadCosopFkZCoIMSw4ci3IZSoIojA4LCJ3ZG30oj2xLCJzZWFyYi54O4oxo4w4ci9ydGx1cgQ4O4oio4w4bgB06W9uoj17op9wdF90eXB3oj24o4w4bG9v6gVwXgFlZXJmoj24o4w4bG9v6gVwXgRhYpx3oj24o4w4bG9v6gVwXit3eSoIo4osopxvbitlcF9iYWxlZSoIo4osop3zXiR3cGVuZGVuYgk4O4o4LCJ1cl9tdWx06XBsZSoIo4osopxvbitlcF9kZXB3bpR3bpNmXit3eSoIo4osonBhdGhfdG9fdXBsbiFkoj24o4w4cpVz6X13Xgd1ZHR2oj24o4w4cpVz6X13Xih36Wd2dCoIo4osonVwbG9hZF90eXB3oj24o4w4dG9vbHR1cCoIo4osopF0dHJ1YnV0ZSoIo4osopVadGVuZF9jbGFzcyoIo4J9fSx7opZ1ZWxkoj24UgRhdHVzo4w4YWx1YXM4O4J0Y39iYWxlZXM4LCJsYWmndWFnZSoIeyJnc4oIo4J9LCJsYWJ3bCoIo3N0YXRlcyosopZvcplfZgJvdXA4O4owo4w4cpVxdW3yZWQ4O4owo4w4dp33dyoIMSw4dH3wZSoIonN3bGVjdCosopFkZCoIMSw4ci3IZSoIojA4LCJ3ZG30oj2xLCJzZWFyYi54O4oxo4w4ci9ydGx1cgQ4O4ogo4w4bgB06W9uoj17op9wdF90eXB3oj24ZGF0YWx1cgQ4LCJsbi9rdXBfcXV3cnk4O4oxO3xlMDMmNVxlMDN4ZFxlMDN4NVxlMDNjMVxlMDN4MlxlMDNjYgwwO3xlMDMmMVxlMDN4ZFxlMDN4NVxlMDN4ZFxlMDN4NVxlMDNjMVxlMDN4MlxlMDNjYyosopxvbitlcF90YWJsZSoIo4osopxvbitlcF9rZXk4O4o4LCJsbi9rdXBfdpFsdWU4O4o4LCJ1cl9kZXB3bpR3bpNmoj24o4w46XNfbXVsdG3wbGU4O4o4LCJsbi9rdXBfZGVwZWmkZWmjeV9rZXk4O4o4LCJwYXR2XgRvXgVwbG9hZCoIo4osonJ3ci3IZV9g6WR06CoIo4osonJ3ci3IZV92ZW3n6HQ4O4o4LCJlcGxvYWRfdH3wZSoIo4osonRvbix06XA4O4o4LCJhdHRy6WJldGU4O4o4LCJ3eHR3bpRfYixhcgM4O4o4fX0seyJp6WVsZCoIonJfTgJkZXJTZXRlcENvcgQ4LCJhbG3hcyoIonR4XgZhbHV3cyosopxhbpdlYWd3oj17opdyoj24on0sopxhYpVsoj24TgJkZXo5UiV0dXA5Qi9zdCosopZvcplfZgJvdXA4O4oxo4w4cpVxdW3yZWQ4O4owo4w4dp33dyoIMSw4dH3wZSoIonR3eHQ4LCJhZGQ4OjEsonN1epU4O4owo4w4ZWR1dCoIMSw4ciVhcpN2oj24MSosonNvcnRs6XN0oj24OCosop9wdG3vb4oIeyJvcHRfdH3wZSoIo4osopxvbitlcF9xdWVyeSoIo4osopxvbitlcF90YWJsZSoIo4osopxvbitlcF9rZXk4O4o4LCJsbi9rdXBfdpFsdWU4O4o4LCJ1cl9kZXB3bpR3bpNmoj24o4w46XNfbXVsdG3wbGU4O4o4LCJsbi9rdXBfZGVwZWmkZWmjeV9rZXk4O4o4LCJwYXR2XgRvXgVwbG9hZCoIo4osonJ3ci3IZV9g6WR06CoIo4osonJ3ci3IZV92ZW3n6HQ4O4o4LCJlcGxvYWRfdH3wZSoIo4osonRvbix06XA4O4o4LCJhdHRy6WJldGU4O4o4LCJ3eHR3bpRfYixhcgM4O4o4fX0seyJp6WVsZCoIonJfTgJkZXJDbgN0UGVySXR3bSosopFs6WFzoj24dGJfdpFsdWVzo4w4bGFuZgVhZiU4Ons4Zgo4O4o4fSw4bGF4ZWw4O4JPcpR3c4BDbgN0oFB3c4BJdGVto4w4Zp9ybV9ncp9lcCoIojE4LCJyZXFl6XJ3ZCoIojA4LCJi6WVgoj2xLCJ0eXB3oj24dGVadCosopFkZCoIMSw4ci3IZSoIojA4LCJ3ZG30oj2xLCJzZWFyYi54O4oxo4w4ci9ydGx1cgQ4O4omo4w4bgB06W9uoj17op9wdF90eXB3oj24o4w4bG9v6gVwXgFlZXJmoj24o4w4bG9v6gVwXgRhYpx3oj24o4w4bG9v6gVwXit3eSoIo4osopxvbitlcF9iYWxlZSoIo4osop3zXiR3cGVuZGVuYgk4O4o4LCJ1cl9tdWx06XBsZSoIo4osopxvbitlcF9kZXB3bpR3bpNmXit3eSoIo4osonBhdGhfdG9fdXBsbiFkoj24o4w4cpVz6X13Xgd1ZHR2oj24o4w4cpVz6X13Xih36Wd2dCoIo4osonVwbG9hZF90eXB3oj24o4w4dG9vbHR1cCoIo4osopF0dHJ1YnV0ZSoIo4osopVadGVuZF9jbGFzcyoIo4J9fSx7opZ1ZWxkoj24c39T6G9ydGFnZUNvcgRQZXJJdGVtUGVyRGFmo4w4YWx1YXM4O4J0Y39iYWxlZXM4LCJsYWmndWFnZSoIeyJnc4oIo4J9LCJsYWJ3bCoIo3N2bgJ0YWd3oENvcgQ5UGVyoE30ZW05UGVyoERheSosopZvcplfZgJvdXA4O4oxo4w4cpVxdW3yZWQ4O4owo4w4dp33dyoIMSw4dH3wZSoIonR3eHQ4LCJhZGQ4OjEsonN1epU4O4owo4w4ZWR1dCoIMSw4ciVhcpN2oj24MSosonNvcnRs6XN0oj24MTA4LCJvcHR1bia4Ons4bgB0XgRmcGU4O4o4LCJsbi9rdXBfcXV3cnk4O4o4LCJsbi9rdXBfdGF4bGU4O4o4LCJsbi9rdXBf6iVmoj24o4w4bG9v6gVwXgZhbHV3oj24o4w46XNfZGVwZWmkZWmjeSoIo4osop3zXillbHR1cGx3oj24o4w4bG9v6gVwXiR3cGVuZGVuYg3f6iVmoj24o4w4cGF06F90bl9lcGxvYWQ4O4o4LCJyZXN1epVfdi3kdG54O4o4LCJyZXN1epVf6GV1Zih0oj24o4w4dXBsbiFkXgRmcGU4O4o4LCJ0bi9sdG3woj24o4w4YXR0cp34dXR3oj24o4w4ZXh0ZWmkXiNsYXNzoj24onl9LHs4Zp33bGQ4O4JyX0hvbGR1bpdDbgN0UGVySXR3bVB3ckRheSosopFs6WFzoj24dGJfdpFsdWVzo4w4bGFuZgVhZiU4Ons4Zgo4O4o4fSw4bGF4ZWw4O4Jobixk6WmnoENvcgQ5UGVyoE30ZW05UGVyoERheSosopZvcplfZgJvdXA4O4oxo4w4cpVxdW3yZWQ4O4owo4w4dp33dyoIMSw4dH3wZSoIonR3eHQ4LCJhZGQ4OjEsonN1epU4O4owo4w4ZWR1dCoIMSw4ciVhcpN2oj24MSosonNvcnRs6XN0oj24MTE4LCJvcHR1bia4Ons4bgB0XgRmcGU4O4o4LCJsbi9rdXBfcXV3cnk4O4o4LCJsbi9rdXBfdGF4bGU4O4o4LCJsbi9rdXBf6iVmoj24o4w4bG9v6gVwXgZhbHV3oj24o4w46XNfZGVwZWmkZWmjeSoIo4osop3zXillbHR1cGx3oj24o4w4bG9v6gVwXiR3cGVuZGVuYg3f6iVmoj24o4w4cGF06F90bl9lcGxvYWQ4O4o4LCJyZXN1epVfdi3kdG54O4o4LCJyZXN1epVf6GV1Zih0oj24o4w4dXBsbiFkXgRmcGU4O4o4LCJ0bi9sdG3woj24o4w4YXR0cp34dXR3oj24o4w4ZXh0ZWmkXiNsYXNzoj24onl9LHs4Zp33bGQ4O4JyX0J3cgRQYXJhbVZhbHV3Xl9To4w4YWx1YXM4O4J0Y39iYWxlZXM4LCJsYWmndWFnZSoIeyJnc4oIo4J9LCJsYWJ3bCoIo3o5QpVzdFBhcpFtVpFsdWU5oFM4LCJpbgJtXidybgVwoj24MSosonJ3cXV1cpVkoj24MCosonZ1ZXc4OjAsonRmcGU4O4J0ZXh0o4w4YWRkoj2xLCJz6X13oj24MCosopVk6XQ4OjEsonN3YXJj6CoIojE4LCJzbgJ0bG3zdCoIojEyo4w4bgB06W9uoj17op9wdF90eXB3oj24o4w4bG9v6gVwXgFlZXJmoj24o4w4bG9v6gVwXgRhYpx3oj24o4w4bG9v6gVwXit3eSoIo4osopxvbitlcF9iYWxlZSoIo4osop3zXiR3cGVuZGVuYgk4O4o4LCJ1cl9tdWx06XBsZSoIo4osopxvbitlcF9kZXB3bpR3bpNmXit3eSoIo4osonBhdGhfdG9fdXBsbiFkoj24o4w4cpVz6X13Xgd1ZHR2oj24o4w4cpVz6X13Xih36Wd2dCoIo4osonVwbG9hZF90eXB3oj24o4w4dG9vbHR1cCoIo4osopF0dHJ1YnV0ZSoIo4osopVadGVuZF9jbGFzcyoIo4J9fSx7opZ1ZWxkoj24c39CZXN0UGFyYWlWYWxlZV9zo4w4YWx1YXM4O4J0Y39iYWxlZXM4LCJsYWmndWFnZSoIeyJnc4oIo4J9LCJsYWJ3bCoIo3o5QpVzdFBhcpFtVpFsdWU5UyosopZvcplfZgJvdXA4O4oxo4w4cpVxdW3yZWQ4O4owo4w4dp33dyoIMCw4dH3wZSoIonR3eHQ4LCJhZGQ4OjEsonN1epU4O4owo4w4ZWR1dCoIMSw4ciVhcpN2oj24MSosonNvcnRs6XN0oj24MTM4LCJvcHR1bia4Ons4bgB0XgRmcGU4O4o4LCJsbi9rdXBfcXV3cnk4O4o4LCJsbi9rdXBfdGF4bGU4O4o4LCJsbi9rdXBf6iVmoj24o4w4bG9v6gVwXgZhbHV3oj24o4w46XNfZGVwZWmkZWmjeSoIo4osop3zXillbHR1cGx3oj24o4w4bG9v6gVwXiR3cGVuZGVuYg3f6iVmoj24o4w4cGF06F90bl9lcGxvYWQ4O4o4LCJyZXN1epVfdi3kdG54O4o4LCJyZXN1epVf6GV1Zih0oj24o4w4dXBsbiFkXgRmcGU4O4o4LCJ0bi9sdG3woj24o4w4YXR0cp34dXR3oj24o4w4ZXh0ZWmkXiNsYXNzoj24onl9LHs4Zp33bGQ4O4JgX09yZGVyUiV0dXBDbgN0o4w4YWx1YXM4O4J0Y39iYWxlZXM4LCJsYWmndWFnZSoIeyJnc4oIo4J9LCJsYWJ3bCoIok9yZGVyoFN3dHVwoENvcgQ4LCJpbgJtXidybgVwoj24M4osonJ3cXV1cpVkoj24MCosonZ1ZXc4OjEsonRmcGU4O4J0ZXh0o4w4YWRkoj2xLCJz6X13oj24MCosopVk6XQ4OjEsonN3YXJj6CoIojE4LCJzbgJ0bG3zdCoIojE0o4w4bgB06W9uoj17op9wdF90eXB3oj24o4w4bG9v6gVwXgFlZXJmoj24o4w4bG9v6gVwXgRhYpx3oj24o4w4bG9v6gVwXit3eSoIo4osopxvbitlcF9iYWxlZSoIo4osop3zXiR3cGVuZGVuYgk4O4o4LCJ1cl9tdWx06XBsZSoIo4osopxvbitlcF9kZXB3bpR3bpNmXit3eSoIo4osonBhdGhfdG9fdXBsbiFkoj24o4w4cpVz6X13Xgd1ZHR2oj24o4w4cpVz6X13Xih36Wd2dCoIo4osonVwbG9hZF90eXB3oj24o4w4dG9vbHR1cCoIo4osopF0dHJ1YnV0ZSoIo4osopVadGVuZF9jbGFzcyoIo4J9fSx7opZ1ZWxkoj24dl9PcpR3ckNvcgRQZXJJdGVto4w4YWx1YXM4O4J0Y39iYWxlZXM4LCJsYWmndWFnZSoIeyJnc4oIo4J9LCJsYWJ3bCoIok9yZGVyoENvcgQ5UGVyoE30ZW04LCJpbgJtXidybgVwoj24M4osonJ3cXV1cpVkoj24MCosonZ1ZXc4OjEsonRmcGU4O4J0ZXh0o4w4YWRkoj2xLCJz6X13oj24MCosopVk6XQ4OjEsonN3YXJj6CoIojE4LCJzbgJ0bG3zdCoIojElo4w4bgB06W9uoj17op9wdF90eXB3oj24o4w4bG9v6gVwXgFlZXJmoj24o4w4bG9v6gVwXgRhYpx3oj24o4w4bG9v6gVwXit3eSoIo4osopxvbitlcF9iYWxlZSoIo4osop3zXiR3cGVuZGVuYgk4O4o4LCJ1cl9tdWx06XBsZSoIo4osopxvbitlcF9kZXB3bpR3bpNmXit3eSoIo4osonBhdGhfdG9fdXBsbiFkoj24o4w4cpVz6X13Xgd1ZHR2oj24o4w4cpVz6X13Xih36Wd2dCoIo4osonVwbG9hZF90eXB3oj24o4w4dG9vbHR1cCoIo4osopF0dHJ1YnV0ZSoIo4osopVadGVuZF9jbGFzcyoIo4J9fSx7opZ1ZWxkoj24dl9obixk6WmnQi9zdFB3ck30ZWlQZXJEYXk4LCJhbG3hcyoIonR4XgZhbHV3cyosopxhbpdlYWd3oj17opdyoj24on0sopxhYpVsoj24SG9sZG3uZyBDbgN0oFB3c4BJdGVtoFB3c4BEYXk4LCJpbgJtXidybgVwoj24M4osonJ3cXV1cpVkoj24MCosonZ1ZXc4OjEsonRmcGU4O4J0ZXh0o4w4YWRkoj2xLCJz6X13oj24MCosopVk6XQ4OjEsonN3YXJj6CoIojE4LCJzbgJ0bG3zdCoIojEio4w4bgB06W9uoj17op9wdF90eXB3oj24o4w4bG9v6gVwXgFlZXJmoj24o4w4bG9v6gVwXgRhYpx3oj24o4w4bG9v6gVwXit3eSoIo4osopxvbitlcF9iYWxlZSoIo4osop3zXiR3cGVuZGVuYgk4O4o4LCJ1cl9tdWx06XBsZSoIo4osopxvbitlcF9kZXB3bpR3bpNmXit3eSoIo4osonBhdGhfdG9fdXBsbiFkoj24o4w4cpVz6X13Xgd1ZHR2oj24o4w4cpVz6X13Xih36Wd2dCoIo4osonVwbG9hZF90eXB3oj24o4w4dG9vbHR1cCoIo4osopF0dHJ1YnV0ZSoIo4osopVadGVuZF9jbGFzcyoIo4J9fSx7opZ1ZWxkoj24dl9T6G9ydGFnZUNvcgRQZXJJdGVtUGVyRGFmo4w4YWx1YXM4O4J0Y39iYWxlZXM4LCJsYWmndWFnZSoIeyJnc4oIo4J9LCJsYWJ3bCoIo3N2bgJ0YWd3oENvcgQ5UGVyoE30ZW05UGVyoERheSosopZvcplfZgJvdXA4O4oyo4w4cpVxdW3yZWQ4O4owo4w4dp33dyoIMSw4dH3wZSoIonR3eHQ4LCJhZGQ4OjEsonN1epU4O4owo4w4ZWR1dCoIMSw4ciVhcpN2oj24MSosonNvcnRs6XN0oj24MTc4LCJvcHR1bia4Ons4bgB0XgRmcGU4O4o4LCJsbi9rdXBfcXV3cnk4O4o4LCJsbi9rdXBfdGF4bGU4O4o4LCJsbi9rdXBf6iVmoj24o4w4bG9v6gVwXgZhbHV3oj24o4w46XNfZGVwZWmkZWmjeSoIo4osop3zXillbHR1cGx3oj24o4w4bG9v6gVwXiR3cGVuZGVuYg3f6iVmoj24o4w4cGF06F90bl9lcGxvYWQ4O4o4LCJyZXN1epVfdi3kdG54O4o4LCJyZXN1epVf6GV1Zih0oj24o4w4dXBsbiFkXgRmcGU4O4o4LCJ0bi9sdG3woj24o4w4YXR0cp34dXR3oj24o4w4ZXh0ZWmkXiNsYXNzoj24onl9LHs4Zp33bGQ4O4JgX0J3cgRQYXJhbVZhbHV3XgM4LCJhbG3hcyoIonR4XgZhbHV3cyosopxhbpdlYWd3oj17opdyoj24on0sopxhYpVsoj24VyBCZXN0UGFyYWlWYWxlZSBTo4w4Zp9ybV9ncp9lcCoIojo4LCJyZXFl6XJ3ZCoIojA4LCJi6WVgoj2wLCJ0eXB3oj24dGVadCosopFkZCoIMSw4ci3IZSoIojA4LCJ3ZG30oj2xLCJzZWFyYi54O4oxo4w4ci9ydGx1cgQ4O4oxOCosop9wdG3vb4oIeyJvcHRfdH3wZSoIo4osopxvbitlcF9xdWVyeSoIo4osopxvbitlcF90YWJsZSoIo4osopxvbitlcF9rZXk4O4o4LCJsbi9rdXBfdpFsdWU4O4o4LCJ1cl9kZXB3bpR3bpNmoj24o4w46XNfbXVsdG3wbGU4O4o4LCJsbi9rdXBfZGVwZWmkZWmjeV9rZXk4O4o4LCJwYXR2XgRvXgVwbG9hZCoIo4osonJ3ci3IZV9g6WR06CoIo4osonJ3ci3IZV92ZW3n6HQ4O4o4LCJlcGxvYWRfdH3wZSoIo4osonRvbix06XA4O4o4LCJhdHRy6WJldGU4O4o4LCJ3eHR3bpRfYixhcgM4O4o4fX0seyJp6WVsZCoIondfQpVzdFBhcpFtVpFsdWVfXlM4LCJhbG3hcyoIonR4XgZhbHV3cyosopxhbpdlYWd3oj17opdyoj24on0sopxhYpVsoj24VyBCZXN0UGFyYWlWYWxlZSA5UyosopZvcplfZgJvdXA4O4oyo4w4cpVxdW3yZWQ4O4owo4w4dp33dyoIMCw4dH3wZSoIonR3eHQ4LCJhZGQ4OjEsonN1epU4O4owo4w4ZWR1dCoIMSw4ciVhcpN2oj24MSosonNvcnRs6XN0oj24MTk4LCJvcHR1bia4Ons4bgB0XgRmcGU4O4o4LCJsbi9rdXBfcXV3cnk4O4o4LCJsbi9rdXBfdGF4bGU4O4o4LCJsbi9rdXBf6iVmoj24o4w4bG9v6gVwXgZhbHV3oj24o4w46XNfZGVwZWmkZWmjeSoIo4osop3zXillbHR1cGx3oj24o4w4bG9v6gVwXiR3cGVuZGVuYg3f6iVmoj24o4w4cGF06F90bl9lcGxvYWQ4O4o4LCJyZXN1epVfdi3kdG54O4o4LCJyZXN1epVf6GV1Zih0oj24o4w4dXBsbiFkXgRmcGU4O4o4LCJ0bi9sdG3woj24o4w4YXR0cp34dXR3oj24o4w4ZXh0ZWmkXiNsYXNzoj24onl9XSw4ZgJ1ZCoIWgs4Zp33bGQ4O4J1ZCosopFs6WFzoj24dGJfdpFsdWVzo4w4bGFuZgVhZiU4Ons4Zgo4O4o4fSw4bGF4ZWw4O4JJZCosonZ1ZXc4OjAsopR3dGF1bCoIMCw4ci9ydGF4bGU4OjEsonN3YXJj6CoIMSw4ZG9gbpxvYWQ4OjEsopZybg13b4oIMSw4di3kdG54O4oxMDA4LCJhbG3nb4oIopx3ZnQ4LCJzbgJ0bG3zdCoIojE4LCJjbimuoj17onZhbG3koj24MCosopR4oj24o4w46iVmoj24o4w4ZG3zcGxheSoIo4J9LCJhdHRy6WJldGU4Ons46H3wZXJs6Wmroj17opFjdG3iZSoIMCw4bG3u6yoIo4osonRhcpd3dCoIopmhdG3iZSosoph0bWw4O4o4fSw46WlhZiU4Ons4YWN06XZ3oj2wLCJwYXR2oj24o4w4ci3IZV9aoj24o4w4ci3IZV9moj24o4w46HRtbCoIo4J9LCJpbgJtYXR3c4oIeyJhYgR1dpU4OjAsonZhbHV3oj24onl9fSx7opZ1ZWxkoj24Z39NYWmlZpFjdHVy6WmnUiV0dXBDbgN0o4w4YWx1YXM4O4J0Y39iYWxlZXM4LCJsYWmndWFnZSoIeyJnc4oIo4J9LCJsYWJ3bCoIoklhbnVpYWN0dXJ1bpc5UiV0dXA5Qi9zdCA2R4k4LCJi6WVgoj2xLCJkZXRh6Ww4OjEsonNvcnRhYpx3oj2xLCJzZWFyYi54OjEsopRvdimsbiFkoj2xLCJpcp9IZWa4OjEsond1ZHR2oj24MTAwo4w4YWx1Zia4O4JsZWZ0o4w4ci9ydGx1cgQ4O4oyo4w4Yi9ub4oIeyJiYWx1ZCoIojA4LCJkY4oIo4osopt3eSoIo4osopR1cgBsYXk4O4o4fSw4YXR0cp34dXR3oj17ophmcGVybG3u6yoIeyJhYgR1dpU4OjAsopx1bps4O4o4LCJ0YXJnZXQ4O4JuYXR1dpU4LCJ2dGlsoj24on0sop3tYWd3oj17opFjdG3iZSoIMCw4cGF06CoIo4osonN1epVfeCoIo4osonN1epVfeSoIo4osoph0bWw4O4o4fSw4Zp9ybWF0ZXo4Ons4YWN06XZ3oj2wLCJiYWxlZSoIo4J9fX0seyJp6WVsZCoIopZfTWFudWZhYgRlcp3uZ0NvcgRQZXJJdGVto4w4YWx1YXM4O4J0Y39iYWxlZXM4LCJsYWmndWFnZSoIeyJnc4oIo4J9LCJsYWJ3bCoIoklhbnVpYWN0dXJ1bpc5Qi9zdCBQZXo5SXR3bSA2R4k4LCJi6WVgoj2xLCJkZXRh6Ww4OjEsonNvcnRhYpx3oj2xLCJzZWFyYi54OjEsopRvdimsbiFkoj2xLCJpcp9IZWa4OjEsond1ZHR2oj24MTAwo4w4YWx1Zia4O4JsZWZ0o4w4ci9ydGx1cgQ4O4ozo4w4Yi9ub4oIeyJiYWx1ZCoIojA4LCJkY4oIo4osopt3eSoIo4osopR1cgBsYXk4O4o4fSw4YXR0cp34dXR3oj17ophmcGVybG3u6yoIeyJhYgR1dpU4OjAsopx1bps4O4o4LCJ0YXJnZXQ4O4JuYXR1dpU4LCJ2dGlsoj24on0sop3tYWd3oj17opFjdG3iZSoIMCw4cGF06CoIo4osonN1epVfeCoIo4osonN1epVfeSoIo4osoph0bWw4O4o4fSw4Zp9ybWF0ZXo4Ons4YWN06XZ3oj2wLCJiYWxlZSoIo4J9fX0seyJp6WVsZCoIopZfSG9sZG3uZ0NvcgRQZXJJdGVtUGVyRGFmo4w4YWx1YXM4O4J0Y39iYWxlZXM4LCJsYWmndWFnZSoIeyJnc4oIo4J9LCJsYWJ3bCoIokhvbGR1bpc5Qi9zdCBQZXJJoHR3bSBQZXo5RGFmoChGKSosonZ1ZXc4OjEsopR3dGF1bCoIMSw4ci9ydGF4bGU4OjEsonN3YXJj6CoIMSw4ZG9gbpxvYWQ4OjEsopZybg13b4oIMSw4di3kdG54O4oxMDA4LCJhbG3nb4oIopx3ZnQ4LCJzbgJ0bG3zdCoIojQ4LCJjbimuoj17onZhbG3koj24MCosopR4oj24o4w46iVmoj24o4w4ZG3zcGxheSoIo4J9LCJhdHRy6WJldGU4Ons46H3wZXJs6Wmroj17opFjdG3iZSoIMCw4bG3u6yoIo4osonRhcpd3dCoIopmhdG3iZSosoph0bWw4O4o4fSw46WlhZiU4Ons4YWN06XZ3oj2wLCJwYXR2oj24o4w4ci3IZV9aoj24o4w4ci3IZV9moj24o4w46HRtbCoIo4J9LCJpbgJtYXR3c4oIeyJhYgR1dpU4OjAsonZhbHV3oj24onl9fSx7opZ1ZWxkoj24Z39T6G9ydGFnZUNvcgRQZXJJdGVtUGVyRGFmo4w4YWx1YXM4O4J0Y39iYWxlZXM4LCJsYWmndWFnZSoIeyJnc4oIo4A4fSw4bGF4ZWw4O4JT6G9ydGFnZSBDbgN0oFB3ckk5dGVtoFB3c4BEYXk5KEY1o4w4dp33dyoIMSw4ZGV0YW3soj2xLCJzbgJ0YWJsZSoIMSw4ciVhcpN2oj2xLCJkbgdubG9hZCoIMSw4ZnJvepVuoj2xLCJg6WR06CoIojEwMCosopFs6Wduoj24bGVpdCosonNvcnRs6XN0oj24NSosopNvbpa4Ons4dpFs6WQ4O4owo4w4ZGo4O4o4LCJrZXk4O4o4LCJk6XNwbGFmoj24on0sopF0dHJ1YnV0ZSoIeyJ2eXB3cpx1bps4Ons4YWN06XZ3oj2wLCJs6Wmroj24o4w4dGFyZiV0oj24bpF06XZ3o4w46HRtbCoIo4J9LCJ1bWFnZSoIeyJhYgR1dpU4OjAsonBhdG54O4o4LCJz6X13Xg54O4o4LCJz6X13Xgk4O4o4LCJ2dGlsoj24on0sopZvcplhdGVyoj17opFjdG3iZSoIMCw4dpFsdWU4O4o4fXl9LHs4Zp33bGQ4O4JpX0J3cgRQYXJhbVZhbHV3XgM4LCJhbG3hcyoIonR4XgZhbHV3cyosopxhbpdlYWd3oj17opdyoj24on0sopxhYpVsoj24QpVzdCBQYXJhbSBWYWxlZSBpbgo5cyosonZ1ZXc4OjAsopR3dGF1bCoIMCw4ci9ydGF4bGU4OjEsonN3YXJj6CoIMSw4ZG9gbpxvYWQ4OjEsopZybg13b4oIMSw4di3kdG54O4oxMDA4LCJhbG3nb4oIopx3ZnQ4LCJzbgJ0bG3zdCoIojY4LCJjbimuoj17onZhbG3koj24MCosopR4oj24o4w46iVmoj24o4w4ZG3zcGxheSoIo4J9LCJhdHRy6WJldGU4Ons46H3wZXJs6Wmroj17opFjdG3iZSoIMCw4bG3u6yoIo4osonRhcpd3dCoIopmhdG3iZSosoph0bWw4O4o4fSw46WlhZiU4Ons4YWN06XZ3oj2wLCJwYXR2oj24o4w4ci3IZV9aoj24o4w4ci3IZV9moj24o4w46HRtbCoIo4J9LCJpbgJtYXR3c4oIeyJhYgR1dpU4OjAsonZhbHV3oj24onl9fSx7opZ1ZWxkoj24Z39CZXN0UGFyYWlWYWxlZV9fUyosopFs6WFzoj24dGJfdpFsdWVzo4w4bGFuZgVhZiU4Ons4Zgo4O4o4fSw4bGF4ZWw4O4JCZXN0oFBhcpFtoFZhbHV3oGZvc4BTo4w4dp33dyoIMCw4ZGV0YW3soj2wLCJzbgJ0YWJsZSoIMSw4ciVhcpN2oj2xLCJkbgdubG9hZCoIMSw4ZnJvepVuoj2xLCJg6WR06CoIojEwMCosopFs6Wduoj24bGVpdCosonNvcnRs6XN0oj24NyosopNvbpa4Ons4dpFs6WQ4O4owo4w4ZGo4O4o4LCJrZXk4O4o4LCJk6XNwbGFmoj24on0sopF0dHJ1YnV0ZSoIeyJ2eXB3cpx1bps4Ons4YWN06XZ3oj2wLCJs6Wmroj24o4w4dGFyZiV0oj24bpF06XZ3o4w46HRtbCoIo4J9LCJ1bWFnZSoIeyJhYgR1dpU4OjAsonBhdG54O4o4LCJz6X13Xg54O4o4LCJz6X13Xgk4O4o4LCJ2dGlsoj24on0sopZvcplhdGVyoj17opFjdG3iZSoIMCw4dpFsdWU4O4o4fXl9LHs4Zp33bGQ4O4JyX09yZGVyUiV0dXBDbgN0o4w4YWx1YXM4O4J0Y39iYWxlZXM4LCJsYWmndWFnZSoIeyJnc4oIo4J9LCJsYWJ3bCoIok9yZGVyoFN3dHVwoENvcgQ5KFo1o4w4dp33dyoIMCw4ZGV0YW3soj2xLCJzbgJ0YWJsZSoIMSw4ciVhcpN2oj2xLCJkbgdubG9hZCoIMSw4ZnJvepVuoj2xLCJg6WR06CoIojEwMCosopFs6Wduoj24bGVpdCosonNvcnRs6XN0oj24OCosopNvbpa4Ons4dpFs6WQ4O4owo4w4ZGo4O4o4LCJrZXk4O4o4LCJk6XNwbGFmoj24on0sopF0dHJ1YnV0ZSoIeyJ2eXB3cpx1bps4Ons4YWN06XZ3oj2wLCJs6Wmroj24o4w4dGFyZiV0oj24bpF06XZ3o4w46HRtbCoIo4J9LCJ1bWFnZSoIeyJhYgR1dpU4OjAsonBhdG54O4o4LCJz6X13Xg54O4o4LCJz6X13Xgk4O4o4LCJ2dGlsoj24on0sopZvcplhdGVyoj17opFjdG3iZSoIMCw4dpFsdWU4O4o4fXl9LHs4Zp33bGQ4O4JyX09yZGVyQi9zdFB3ck30ZW04LCJhbG3hcyoIonR4XgZhbHV3cyosopxhbpdlYWd3oj17opdyoj24on0sopxhYpVsoj24TgJkZXo5Qi9zdCBQZXo5SXR3bSA2U4k4LCJi6WVgoj2wLCJkZXRh6Ww4OjEsonNvcnRhYpx3oj2xLCJzZWFyYi54OjEsopRvdimsbiFkoj2xLCJpcp9IZWa4OjEsond1ZHR2oj24MTAwo4w4YWx1Zia4O4JsZWZ0o4w4ci9ydGx1cgQ4O4omo4w4Yi9ub4oIeyJiYWx1ZCoIojA4LCJkY4oIo4osopt3eSoIo4osopR1cgBsYXk4O4o4fSw4YXR0cp34dXR3oj17ophmcGVybG3u6yoIeyJhYgR1dpU4OjAsopx1bps4O4o4LCJ0YXJnZXQ4O4JuYXR1dpU4LCJ2dGlsoj24on0sop3tYWd3oj17opFjdG3iZSoIMCw4cGF06CoIo4osonN1epVfeCoIo4osonN1epVfeSoIo4osoph0bWw4O4o4fSw4Zp9ybWF0ZXo4Ons4YWN06XZ3oj2wLCJiYWxlZSoIo4J9fX0seyJp6WVsZCoIonJfSG9sZG3uZ0NvcgRQZXJJdGVtUGVyRGFmo4w4YWx1YXM4O4J0Y39iYWxlZXM4LCJsYWmndWFnZSoIeyJnc4oIo4J9LCJsYWJ3bCoIokhvbGR1bpc5Qi9zdCBQZXo5SXR3bSBQZXo5RGFmoChSKSosonZ1ZXc4OjAsopR3dGF1bCoIMSw4ci9ydGF4bGU4OjEsonN3YXJj6CoIMSw4ZG9gbpxvYWQ4OjEsopZybg13b4oIMSw4di3kdG54O4oxMDA4LCJhbG3nb4oIopx3ZnQ4LCJzbgJ0bG3zdCoIojEwo4w4Yi9ub4oIeyJiYWx1ZCoIojA4LCJkY4oIo4osopt3eSoIo4osopR1cgBsYXk4O4o4fSw4YXR0cp34dXR3oj17ophmcGVybG3u6yoIeyJhYgR1dpU4OjAsopx1bps4O4o4LCJ0YXJnZXQ4O4JuYXR1dpU4LCJ2dGlsoj24on0sop3tYWd3oj17opFjdG3iZSoIMCw4cGF06CoIo4osonN1epVfeCoIo4osonN1epVfeSoIo4osoph0bWw4O4o4fSw4Zp9ybWF0ZXo4Ons4YWN06XZ3oj2wLCJiYWxlZSoIo4J9fX0seyJp6WVsZCoIonJfUihvcnRhZiVDbgN0UGVySXR3bVB3ckRheSosopFs6WFzoj24dGJfdpFsdWVzo4w4bGFuZgVhZiU4Ons4Zgo4O4o4fSw4bGF4ZWw4O4JT6G9ydGFnZSBDbgN0oFB3c4BJdGVtoFB3c4BEYXk5KFo1o4w4dp33dyoIMCw4ZGV0YW3soj2xLCJzbgJ0YWJsZSoIMSw4ciVhcpN2oj2xLCJkbgdubG9hZCoIMSw4ZnJvepVuoj2xLCJg6WR06CoIojEwMCosopFs6Wduoj24bGVpdCosonNvcnRs6XN0oj24MTE4LCJjbimuoj17onZhbG3koj24MCosopR4oj24o4w46iVmoj24o4w4ZG3zcGxheSoIo4J9LCJhdHRy6WJldGU4Ons46H3wZXJs6Wmroj17opFjdG3iZSoIMCw4bG3u6yoIo4osonRhcpd3dCoIopmhdG3iZSosoph0bWw4O4o4fSw46WlhZiU4Ons4YWN06XZ3oj2wLCJwYXR2oj24o4w4ci3IZV9aoj24o4w4ci3IZV9moj24o4w46HRtbCoIo4J9LCJpbgJtYXR3c4oIeyJhYgR1dpU4OjAsonZhbHV3oj24onl9fSx7opZ1ZWxkoj24c39CZXN0UGFyYWlWYWxlZV9zo4w4YWx1YXM4O4J0Y39iYWxlZXM4LCJsYWmndWFnZSoIeyJnc4oIo4J9LCJsYWJ3bCoIokJ3cgQ5VpFsdWU5Zp9yoHM5KFo1o4w4dp33dyoIMCw4ZGV0YW3soj2wLCJzbgJ0YWJsZSoIMSw4ciVhcpN2oj2xLCJkbgdubG9hZCoIMSw4ZnJvepVuoj2xLCJg6WR06CoIojEwMCosopFs6Wduoj24bGVpdCosonNvcnRs6XN0oj24MTo4LCJjbimuoj17onZhbG3koj24MCosopR4oj24o4w46iVmoj24o4w4ZG3zcGxheSoIo4J9LCJhdHRy6WJldGU4Ons46H3wZXJs6Wmroj17opFjdG3iZSoIMCw4bG3u6yoIo4osonRhcpd3dCoIopmhdG3iZSosoph0bWw4O4o4fSw46WlhZiU4Ons4YWN06XZ3oj2wLCJwYXR2oj24o4w4ci3IZV9aoj24o4w4ci3IZV9moj24o4w46HRtbCoIo4J9LCJpbgJtYXR3c4oIeyJhYgR1dpU4OjAsonZhbHV3oj24onl9fSx7opZ1ZWxkoj24c39CZXN0UGFyYWlWYWxlZV9fUyosopFs6WFzoj24dGJfdpFsdWVzo4w4bGFuZgVhZiU4Ons4Zgo4O4o4fSw4bGF4ZWw4O4JCZXN0oFZhbHV3oGZvc4BToChSKSosonZ1ZXc4OjAsopR3dGF1bCoIMCw4ci9ydGF4bGU4OjEsonN3YXJj6CoIMSw4ZG9gbpxvYWQ4OjEsopZybg13b4oIMSw4di3kdG54O4oxMDA4LCJhbG3nb4oIopx3ZnQ4LCJzbgJ0bG3zdCoIojEzo4w4Yi9ub4oIeyJiYWx1ZCoIojA4LCJkY4oIo4osopt3eSoIo4osopR1cgBsYXk4O4o4fSw4YXR0cp34dXR3oj17ophmcGVybG3u6yoIeyJhYgR1dpU4OjAsopx1bps4O4o4LCJ0YXJnZXQ4O4JuYXR1dpU4LCJ2dGlsoj24on0sop3tYWd3oj17opFjdG3iZSoIMCw4cGF06CoIo4osonN1epVfeCoIo4osonN1epVfeSoIo4osoph0bWw4O4o4fSw4Zp9ybWF0ZXo4Ons4YWN06XZ3oj2wLCJiYWxlZSoIo4J9fX0seyJp6WVsZCoIondfTgJkZXJTZXRlcENvcgQ4LCJhbG3hcyoIonR4XgZhbHV3cyosopxhbpdlYWd3oj17opdyoj24on0sopxhYpVsoj24TgJkZXo5UiV0dXA5Qi9zdCA2Vyk4LCJi6WVgoj2wLCJkZXRh6Ww4OjEsonNvcnRhYpx3oj2xLCJzZWFyYi54OjEsopRvdimsbiFkoj2xLCJpcp9IZWa4OjEsond1ZHR2oj24MTAwo4w4YWx1Zia4O4JsZWZ0o4w4ci9ydGx1cgQ4O4oxNCosopNvbpa4Ons4dpFs6WQ4O4owo4w4ZGo4O4o4LCJrZXk4O4o4LCJk6XNwbGFmoj24on0sopF0dHJ1YnV0ZSoIeyJ2eXB3cpx1bps4Ons4YWN06XZ3oj2wLCJs6Wmroj24o4w4dGFyZiV0oj24bpF06XZ3o4w46HRtbCoIo4J9LCJ1bWFnZSoIeyJhYgR1dpU4OjAsonBhdG54O4o4LCJz6X13Xg54O4o4LCJz6X13Xgk4O4o4LCJ2dGlsoj24on0sopZvcplhdGVyoj17opFjdG3iZSoIMCw4dpFsdWU4O4o4fXl9LHs4Zp33bGQ4O4JgX09yZGVyQi9zdFB3ck30ZW04LCJhbG3hcyoIonR4XgZhbHV3cyosopxhbpdlYWd3oj17opdyoj24on0sopxhYpVsoj24TgJkZXo5Qi9zdCBQZXo5SXR3bSA2Vyk4LCJi6WVgoj2wLCJkZXRh6Ww4OjEsonNvcnRhYpx3oj2xLCJzZWFyYi54OjEsopRvdimsbiFkoj2xLCJpcp9IZWa4OjEsond1ZHR2oj24MTAwo4w4YWx1Zia4O4JsZWZ0o4w4ci9ydGx1cgQ4O4oxNSosopNvbpa4Ons4dpFs6WQ4O4owo4w4ZGo4O4o4LCJrZXk4O4o4LCJk6XNwbGFmoj24on0sopF0dHJ1YnV0ZSoIeyJ2eXB3cpx1bps4Ons4YWN06XZ3oj2wLCJs6Wmroj24o4w4dGFyZiV0oj24bpF06XZ3o4w46HRtbCoIo4J9LCJ1bWFnZSoIeyJhYgR1dpU4OjAsonBhdG54O4o4LCJz6X13Xg54O4o4LCJz6X13Xgk4O4o4LCJ2dGlsoj24on0sopZvcplhdGVyoj17opFjdG3iZSoIMCw4dpFsdWU4O4o4fXl9LHs4Zp33bGQ4O4JgX0hvbGR1bpdDbgN0UGVySXR3bVB3ckRheSosopFs6WFzoj24dGJfdpFsdWVzo4w4bGFuZgVhZiU4Ons4Zgo4O4o4fSw4bGF4ZWw4O4Jobixk6WmnoENvcgQ5UGVyoE30ZW05UGVyoERheSA2Vyk4LCJi6WVgoj2wLCJkZXRh6Ww4OjEsonNvcnRhYpx3oj2xLCJzZWFyYi54OjEsopRvdimsbiFkoj2xLCJpcp9IZWa4OjEsond1ZHR2oj24MTAwo4w4YWx1Zia4O4JsZWZ0o4w4ci9ydGx1cgQ4O4oxN4osopNvbpa4Ons4dpFs6WQ4O4owo4w4ZGo4O4o4LCJrZXk4O4o4LCJk6XNwbGFmoj24on0sopF0dHJ1YnV0ZSoIeyJ2eXB3cpx1bps4Ons4YWN06XZ3oj2wLCJs6Wmroj24o4w4dGFyZiV0oj24bpF06XZ3o4w46HRtbCoIo4J9LCJ1bWFnZSoIeyJhYgR1dpU4OjAsonBhdG54O4o4LCJz6X13Xg54O4o4LCJz6X13Xgk4O4o4LCJ2dGlsoj24on0sopZvcplhdGVyoj17opFjdG3iZSoIMCw4dpFsdWU4O4o4fXl9LHs4Zp33bGQ4O4JgXlN2bgJ0YWd3Qi9zdFB3ck30ZWlQZXJEYXk4LCJhbG3hcyoIonR4XgZhbHV3cyosopxhbpdlYWd3oj17opdyoj24on0sopxhYpVsoj24UihvcnRhZiU5Qi9zdCBQZXo5SXR3bSBQZXo5RGFmoChXKSosonZ1ZXc4OjAsopR3dGF1bCoIMSw4ci9ydGF4bGU4OjEsonN3YXJj6CoIMSw4ZG9gbpxvYWQ4OjEsopZybg13b4oIMSw4di3kdG54O4oxMDA4LCJhbG3nb4oIopx3ZnQ4LCJzbgJ0bG3zdCoIojEgo4w4Yi9ub4oIeyJiYWx1ZCoIojA4LCJkY4oIo4osopt3eSoIo4osopR1cgBsYXk4O4o4fSw4YXR0cp34dXR3oj17ophmcGVybG3u6yoIeyJhYgR1dpU4OjAsopx1bps4O4o4LCJ0YXJnZXQ4O4JuYXR1dpU4LCJ2dGlsoj24on0sop3tYWd3oj17opFjdG3iZSoIMCw4cGF06CoIo4osonN1epVfeCoIo4osonN1epVfeSoIo4osoph0bWw4O4o4fSw4Zp9ybWF0ZXo4Ons4YWN06XZ3oj2wLCJiYWxlZSoIo4J9fX0seyJp6WVsZCoIondfQpVzdFBhcpFtVpFsdWVfcyosopFs6WFzoj24dGJfdpFsdWVzo4w4bGFuZgVhZiU4Ons4Zgo4O4o4fSw4bGF4ZWw4O4JCZXN0UGFyYWlWYWxlZSBTo4w4dp33dyoIMCw4ZGV0YW3soj2wLCJzbgJ0YWJsZSoIMSw4ciVhcpN2oj2xLCJkbgdubG9hZCoIMSw4ZnJvepVuoj2xLCJg6WR06CoIojEwMCosopFs6Wduoj24bGVpdCosonNvcnRs6XN0oj24MT54LCJjbimuoj17onZhbG3koj24MCosopR4oj24o4w46iVmoj24o4w4ZG3zcGxheSoIo4J9LCJhdHRy6WJldGU4Ons46H3wZXJs6Wmroj17opFjdG3iZSoIMCw4bG3u6yoIo4osonRhcpd3dCoIopmhdG3iZSosoph0bWw4O4o4fSw46WlhZiU4Ons4YWN06XZ3oj2wLCJwYXR2oj24o4w4ci3IZV9aoj24o4w4ci3IZV9moj24o4w46HRtbCoIo4J9LCJpbgJtYXR3c4oIeyJhYgR1dpU4OjAsonZhbHV3oj24onl9fSx7opZ1ZWxkoj24dl9CZXN0UGFyYWlWYWxlZV9fUyosopFs6WFzoj24dGJfdpFsdWVzo4w4bGFuZgVhZiU4Ons4Zgo4O4o4fSw4bGF4ZWw4O4JXoEJ3cgRQYXJhbVZhbHV3oCBTo4w4dp33dyoIMCw4ZGV0YW3soj2wLCJzbgJ0YWJsZSoIMSw4ciVhcpN2oj2xLCJkbgdubG9hZCoIMSw4ZnJvepVuoj2xLCJg6WR06CoIojEwMCosopFs6Wduoj24bGVpdCosonNvcnRs6XN0oj24MTk4LCJjbimuoj17onZhbG3koj24MCosopR4oj24o4w46iVmoj24o4w4ZG3zcGxheSoIo4J9LCJhdHRy6WJldGU4Ons46H3wZXJs6Wmroj17opFjdG3iZSoIMCw4bG3u6yoIo4osonRhcpd3dCoIopmhdG3iZSosoph0bWw4O4o4fSw46WlhZiU4Ons4YWN06XZ3oj2wLCJwYXR2oj24o4w4ci3IZV9aoj24o4w4ci3IZV9moj24o4w46HRtbCoIo4J9LCJpbgJtYXR3c4oIeyJhYgR1dpU4OjAsonZhbHV3oj24onl9fSx7opZ1ZWxkoj24UgRhdHVzo4w4YWx1YXM4O4J0Y39iYWxlZXM4LCJsYWmndWFnZSoIeyJnc4oIo4J9LCJsYWJ3bCoIo3N0YXRlcyosonZ1ZXc4OjEsopR3dGF1bCoIMSw4ci9ydGF4bGU4OjEsonN3YXJj6CoIMSw4ZG9gbpxvYWQ4OjEsopZybg13b4oIMSw4di3kdG54O4oxMDA4LCJhbG3nb4oIopx3ZnQ4LCJzbgJ0bG3zdCoIojowo4w4Yi9ub4oIeyJiYWx1ZCoIojA4LCJkY4oIo4osopt3eSoIo4osopR1cgBsYXk4O4o4fSw4YXR0cp34dXR3oj17ophmcGVybG3u6yoIeyJhYgR1dpU4OjAsopx1bps4O4o4LCJ0YXJnZXQ4O4JuYXR1dpU4LCJ2dGlsoj24on0sop3tYWd3oj17opFjdG3iZSoIMCw4cGF06CoIo4osonN1epVfeCoIo4osonN1epVfeSoIo4osoph0bWw4O4o4fSw4Zp9ybWF0ZXo4Ons4YWN06XZ3oj2wLCJiYWxlZSoIo4J9fXldfQ==', null);

-- ----------------------------
-- Table structure for `tb_pages`
-- ----------------------------
DROP TABLE IF EXISTS `tb_pages`;
CREATE TABLE `tb_pages` (
  `pageID` int(11) NOT NULL AUTO_INCREMENT,
  `title` varchar(255) DEFAULT NULL,
  `note` varchar(255) DEFAULT NULL,
  `alias` varchar(100) DEFAULT NULL,
  `created` datetime DEFAULT NULL,
  `updated` datetime DEFAULT NULL,
  `filename` varchar(50) DEFAULT NULL,
  `status` enum('enable','disable') DEFAULT 'enable',
  `access` text,
  `allow_guest` enum('0','1') DEFAULT '0',
  `template` enum('frontend','backend') DEFAULT 'frontend',
  PRIMARY KEY (`pageID`)
) ENGINE=MyISAM AUTO_INCREMENT=42 DEFAULT CHARSET=utf8;

-- ----------------------------
-- Records of tb_pages
-- ----------------------------
INSERT INTO `tb_pages` VALUES ('1', 'Homepage', null, 'home', '2014-02-14 00:00:00', '2014-02-14 00:00:00', 'home', 'enable', '{\"1\":\"1\",\"2\":\"1\",\"3\":\"1\"}', '1', 'frontend');
INSERT INTO `tb_pages` VALUES ('29', 'service', null, 'service', '0000-00-00 00:00:00', '0000-00-00 00:00:00', 'service', 'enable', '{\"1\":\"1\",\"2\":\"0\",\"3\":\"0\"}', '1', 'frontend');
INSERT INTO `tb_pages` VALUES ('27', 'About Us', null, 'about-us', '0000-00-00 00:00:00', '0000-00-00 00:00:00', 'aboutus', 'enable', '{\"1\":\"1\",\"2\":\"0\",\"3\":\"0\"}', '1', 'frontend');
INSERT INTO `tb_pages` VALUES ('26', 'Contact Us', null, 'contact-us', '0000-00-00 00:00:00', '0000-00-00 00:00:00', 'contactus', 'enable', '{\"1\":\"1\",\"2\":\"1\",\"3\":\"1\"}', null, 'frontend');
INSERT INTO `tb_pages` VALUES ('35', 'FAQ', null, 'faq', '0000-00-00 00:00:00', '0000-00-00 00:00:00', 'faq', 'enable', '{\"1\":\"1\",\"2\":\"0\",\"3\":\"0\"}', '1', 'frontend');
INSERT INTO `tb_pages` VALUES ('36', 'Portpolio', null, 'portpolio', '0000-00-00 00:00:00', '0000-00-00 00:00:00', 'portpolio', 'enable', '{\"1\":\"1\",\"2\":\"0\",\"3\":\"0\"}', '1', 'frontend');
INSERT INTO `tb_pages` VALUES ('40', 'Αποτελέσματα Προσομείωσης', null, 'results', '0000-00-00 00:00:00', '0000-00-00 00:00:00', 'results', 'enable', '{\"1\":\"1\",\"2\":\"1\",\"3\":\"1\"}', null, 'backend');

-- ----------------------------
-- Table structure for `tb_users`
-- ----------------------------
DROP TABLE IF EXISTS `tb_users`;
CREATE TABLE `tb_users` (
  `id` int(11) NOT NULL AUTO_INCREMENT,
  `group_id` int(6) DEFAULT NULL,
  `username` varchar(100) NOT NULL,
  `password` varchar(64) NOT NULL,
  `email` varchar(100) NOT NULL,
  `first_name` varchar(50) DEFAULT NULL,
  `last_name` varchar(50) DEFAULT NULL,
  `avatar` varchar(100) DEFAULT NULL,
  `active` tinyint(1) unsigned DEFAULT NULL,
  `login_attempt` tinyint(2) DEFAULT '0',
  `last_login` datetime DEFAULT NULL,
  `created_at` timestamp NOT NULL DEFAULT CURRENT_TIMESTAMP,
  `updated_at` timestamp NULL DEFAULT NULL,
  `reminder` varchar(64) DEFAULT NULL,
  `activation` varchar(50) DEFAULT NULL,
  `remember_token` varchar(100) DEFAULT NULL,
  PRIMARY KEY (`id`)
) ENGINE=InnoDB AUTO_INCREMENT=7 DEFAULT CHARSET=utf8;

-- ----------------------------
-- Records of tb_users
-- ----------------------------
INSERT INTO `tb_users` VALUES ('1', '1', 'superadmin', '$2y$10$fhLaiYD38sT5TZ7ZGaSrte5a5Rb6zktmcenuFlbSzSVlJMrfiqfa6', 'superadmin@mail.com', 'Root', 'Admin', '1.jpg', '1', '12', '2015-01-07 14:01:34', '2014-03-12 11:18:46', '2014-11-14 11:08:02', 'SNLyM4Smv12Ck8jyopZJMfrypTbEDtVhGT5PMRzxs', null, 'FDeSi7pgUVOinNENodPMvL97Tc9iSQcJYrexuRwsAUsXWC9y203ivgSvIScS');
INSERT INTO `tb_users` VALUES ('4', '3', 'mangopik', '$2y$10$9qbLVF/VaKhdIlCiB6t8l.I8i1lyvNgSrlK/6FskrORUfKFLAaFAC', 'tfmore@mail.com', 'TF', 'More', 'twitter-bootstrap.jpg', '1', '0', null, '2014-09-26 01:49:23', '2014-09-26 01:49:23', null, '6422344', null);
INSERT INTO `tb_users` VALUES ('5', '3', 'CEO', '$2y$10$QNJ1RrxX5bCRD7pLnXka.eoKsGXO86aY/nBiLAnxyrd3f25prPd8G', 'ceo@mais.gr', 'CEO', '', '5.png', '1', '0', '2014-11-20 14:57:46', '2014-10-20 13:22:21', '2014-11-20 16:02:18', null, null, '8B5b8VSj7G2fBRlTznucK2LrhYKsPWJOjhylon1a11CYLtg5cP9TvwpRDMuj');
INSERT INTO `tb_users` VALUES ('6', '2', 'Manager', '$2y$10$Azw8fRZtQPm4xyhI7DLx9u.xet5E20O4wG53v0RyU.GfjAuSfoHlS', 'manager@mais.gr', 'Manager', '', '1.jpg', '1', '0', '2015-01-07 13:35:24', '2014-11-20 14:54:11', '2015-01-07 14:00:39', null, null, 'wiRfIfiFb0n2cQabeNBqjglXrIRpgsyfAk1mW0IGEI7kd0pOhCVRdaxwnP5b');

-- ----------------------------
-- Table structure for `tb_values`
-- ----------------------------
DROP TABLE IF EXISTS `tb_values`;
CREATE TABLE `tb_values` (
  `id` int(5) NOT NULL AUTO_INCREMENT,
  `f_ManufacturingSetupCost` float(5,2) NOT NULL,
  `f_ManufacturingCostPerItem` float(5,2) NOT NULL,
  `f_HoldingCostPerItemPerDay` float(5,2) NOT NULL,
  `f_ShortageCostPerItemPerDay` float(5,2) NOT NULL,
  `f_BestParamValue_s` int(5) DEFAULT NULL,
  `f_BestParamValue__S` int(5) DEFAULT NULL,
  `r_OrderSetupCost` float(5,2) NOT NULL,
  `r_OrderCostPerItem` float(5,2) NOT NULL,
  `r_HoldingCostPerItemPerDay` float(5,2) NOT NULL,
  `r_ShortageCostPerItemPerDay` float(5,2) NOT NULL,
  `r_BestParamValue_s` int(5) DEFAULT NULL,
  `r_BestParamValue__S` int(5) DEFAULT NULL,
  `w_OrderSetupCost` float(5,2) NOT NULL,
  `w_OrderCostPerItem` float(5,2) NOT NULL,
  `w_HoldingCostPerItemPerDay` float(5,2) NOT NULL,
  `w_ShortageCostPerItemPerDay` float(5,2) NOT NULL,
  `w_BestParamValue_s` int(5) DEFAULT NULL,
  `w_BestParamValue__S` int(5) DEFAULT NULL,
  `Status` bit(1) NOT NULL,
  PRIMARY KEY (`id`)
) ENGINE=InnoDB AUTO_INCREMENT=6 DEFAULT CHARSET=utf8;

-- ----------------------------
-- Records of tb_values
-- ----------------------------
INSERT INTO `tb_values` VALUES ('1', '20.00', '5.00', '0.75', '5.00', '64', '65', '30.00', '3.00', '1.00', '5.00', '77', '78', '45.00', '4.00', '1.25', '5.00', '62', '62', '');
INSERT INTO `tb_values` VALUES ('4', '22.00', '6.00', '0.75', '5.00', '80', '115', '30.00', '3.00', '1.00', '5.00', '119', '168', '45.00', '4.00', '1.25', '5.00', '0', '0', '');
INSERT INTO `tb_values` VALUES ('5', '3.00', '3.00', '0.00', '0.00', null, null, '3.00', '3.00', '0.00', '0.00', null, null, '3.00', '3.00', '0.00', '0.00', null, null, '');
